arm,view,kind,budget,score,floor,panel,band,n,n_escalating,n_escalating_groups,referral_rate,n_referred,system_sens,frr,n_false_reassured,retained_sens,retained_macro_f1,rescued_misses,argmax_misses,nnb_pi0.01,nnb_pi0.03,nnb_pi0.05,flag_rate,decision_esc_rate,decision_specificity
S56_none,S56,none,0.0,,,oof,ALL,6981,1356,818,0.0,0,0.68952802359882,0.31047197640117996,421,0.68952802359882,0.7776112023446365,0,421,7.457750588235294,3.109096993464052,2.2393662745098037,0.17017619252256125,0.17017619252256125,0.9550222222222222
S56_none,S56,none,0.0,,,oof,<40,1319,64,34,0.0,0,0.546875,0.453125,29,0.546875,0.7737332845580009,0,29,5.904359704040979,2.6017605767406566,1.9412407512805918,0.052312357846853674,0.052312357846853674,0.9729083665338646
S56_none,S56,none,0.0,,,oof,40-59,3112,397,224,0.0,0,0.6120906801007556,0.3879093198992444,154,0.6120906801007556,0.7909989745393149,0,154,5.4084032467089544,2.4397815317534297,1.8460571887623247,0.1018637532133676,0.1018637532133676,0.972744014732965
S56_none,S56,none,0.0,,,oof,60+,2512,893,559,0.0,0,0.7334826427771557,0.2665173572228443,238,0.7334826427771557,0.7659533113550447,0,238,12.921599894383961,4.893586497492405,3.287983818114093,0.3176751592356688,0.3176751592356688,0.9116738727609636
S56_none,S56,none,0.0,,,oof,unknown,38,2,1,0.0,0,1.0,0.0,0,1.0,0.3817850637522769,0,0,6.5,2.796296296296296,2.0555555555555554,0.10526315789473684,0.10526315789473684,0.9444444444444444
LAM,LAM,none,0.0,,,oof,ALL,6981,1356,818,0.0,0,0.8421828908554573,0.15781710914454272,214,0.8421828908554573,0.7670296761019679,0,214,14.70913625218914,5.47739466822339,3.631046351430239,0.25755622403667094,0.25755622403667094,0.8833777777777778
LAM,LAM,none,0.0,,,oof,<40,1319,64,34,0.0,0,0.625,0.375,24,0.625,0.7789694670479624,0,24,8.572908366533863,3.4733067729083666,2.453386454183267,0.0758150113722517,0.0758150113722517,0.952191235059761
LAM,LAM,none,0.0,,,oof,40-59,3112,397,224,0.0,0,0.8967254408060453,0.10327455919395467,41,0.8967254408060453,0.735533891951796,0,41,15.272925072940591,5.661527717425042,3.7392482463219316,0.22718508997429307,0.22718508997429307,0.8707182320441988
LAM,LAM,none,0.0,,,oof,60+,2512,893,559,0.0,0,0.8331466965285554,0.16685330347144456,149,0.8331466965285554,0.7761224981404382,0,149,18.688211062184937,6.77695782165636,4.394707173550644,0.39211783439490444,0.39211783439490444,0.8511426806670784
LAM,LAM,none,0.0,,,oof,unknown,38,2,1,0.0,0,1.0,0.0,0,1.0,0.3442100003843345,0,0,12.0,4.592592592592592,3.111111111111111,0.15789473684210525,0.15789473684210525,0.8888888888888888
COMB_none,COMB,none,0.0,,,oof,ALL,6981,1356,818,0.0,0,0.8532448377581121,0.1467551622418879,199,0.8532448377581121,0.7725910579691441,0,199,14.118860501296457,5.284611005473926,3.517761106309421,0.25683999427016185,0.25683999427016185,0.8869333333333334
COMB_none,COMB,none,0.0,,,oof,<40,1319,64,34,0.0,0,0.4375,0.5625,36,0.4375,0.7683021422237154,0,36,3.5243027888446212,1.8244355909694556,1.4844621513944223,0.03184230477634572,0.03184230477634572,0.9888446215139443
COMB_none,COMB,none,0.0,,,oof,40-59,3112,397,224,0.0,0,0.8942065491183879,0.10579345088161207,42,0.8942065491183879,0.7394744365211706,0,42,15.272352346120922,5.661340665231412,3.7391383290535103,0.22654241645244216,0.22654241645244216,0.8710865561694291
COMB_none,COMB,none,0.0,,,oof,60+,2512,893,559,0.0,0,0.864501679731243,0.13549832026875697,121,0.864501679731243,0.7846846697401503,0,121,19.956462602450816,7.191167920665755,4.638108984308742,0.4140127388535032,0.4140127388535032,0.8344657195799876
COMB_none,COMB,none,0.0,,,oof,unknown,38,2,1,0.0,0,1.0,0.0,0,1.0,0.3442100003843345,0,0,12.0,4.592592592592592,3.111111111111111,0.15789473684210525,0.15789473684210525,0.8888888888888888
S56,S56,band,0.1,msp,0.755,oof,ALL,6981,1356,818,0.09998567540466982,698,0.7610619469026548,0.23893805309734517,324,0.7204486626402071,0.8221968154515503,97,421,16.031627906976745,5.90931955211025,3.8848578811369507,0.24093969345365993,0.17017619252256125,0.9550222222222222
S56,S56,band,0.1,msp,0.755,oof,<40,1319,64,34,0.23654283548142532,312,0.78125,0.21875,14,0.5172413793103449,0.8766321467893688,15,29,29.17121912350597,10.200701195219123,6.406597609561754,0.2494313874147081,0.052312357846853674,0.9729083665338646
S56,S56,band,0.1,msp,0.755,oof,40-59,3112,397,224,0.08868894601542417,276,0.7581863979848866,0.24181360201511337,96,0.6666666666666666,0.8476112261590732,58,154,10.37829702097979,4.06294549170047,2.7998751858446065,0.15938303341902313,0.1018637532133676,0.972744014732965
S56,S56,band,0.1,msp,0.755,oof,60+,2512,893,559,0.04339171974522293,109,0.7603583426651735,0.23964165733482645,214,0.7452380952380953,0.7930198935690146,24,238,14.993272088354326,5.570193240977676,3.6855774715023446,0.3395700636942675,0.3176751592356688,0.9116738727609636
S56,S56,band,0.1,msp,0.755,oof,unknown,38,2,1,0.02631578947368421,1,1.0,0.0,0,1.0,0.39765807962529276,0,0,6.5,2.796296296296296,2.0555555555555554,0.10526315789473684,0.10526315789473684,0.9444444444444444
COMB,COMB,band,0.1,entropy,0.865,oof,ALL,6981,1356,818,0.09998567540466982,698,0.8761061946902655,0.12389380530973448,168,0.8676122931442081,0.7949731914196724,31,199,25.267377777777778,8.925709240553685,5.657375533108866,0.34321730411115886,0.25683999427016185,0.8869333333333334
COMB,COMB,band,0.1,entropy,0.865,oof,<40,1319,64,34,0.4836997725549659,638,0.890625,0.109375,7,0.2222222222222222,0.47964573652647047,29,36,52.63749213671629,17.864770159129563,10.910225763612218,0.4852160727824109,0.03184230477634572,0.9888446215139443
COMB,COMB,band,0.1,entropy,0.865,oof,40-59,3112,397,224,0.004177377892030848,13,0.8942065491183879,0.10579345088161207,42,0.8931297709923665,0.74595699518697,0,42,15.272352346120922,5.661340665231412,3.7391383290535103,0.22654241645244216,0.22654241645244216,0.8710865561694291
COMB,COMB,band,0.1,entropy,0.865,oof,60+,2512,893,559,0.018710191082802547,47,0.8667413213885778,0.13325867861142215,119,0.8624277456647399,0.7997672357677335,2,121,20.119130384819798,7.24429510884687,4.669328053652284,0.4160031847133758,0.4140127388535032,0.8344657195799876
COMB,COMB,band,0.1,entropy,0.865,oof,unknown,38,2,1,0.0,0,1.0,0.0,0,1.0,0.3442100003843345,0,0,12.0,4.592592592592592,3.111111111111111,0.15789473684210525,0.15789473684210525,0.8888888888888888
COMB_global,COMB,global,0.1,entropy,,oof,ALL,6981,1356,818,0.09998567540466982,698,0.8746312684365781,0.12536873156342188,170,0.8357487922705314,0.8289373327832791,29,199,16.031705902192243,5.909345025295109,3.8848728499156833,0.27689442773241657,0.25683999427016185,0.8869333333333334
COMB_global,COMB,global,0.1,entropy,,oof,<40,1319,64,34,0.013646702047005308,18,0.46875,0.53125,34,0.3584905660377358,0.7730706441185065,2,36,4.0291633466135455,1.9893227091633467,1.5813545816733068,0.03639120545868082,0.03184230477634572,0.9888446215139443
COMB_global,COMB,global,0.1,entropy,,oof,40-59,3112,397,224,0.05173521850899743,161,0.8942065491183879,0.10579345088161207,42,0.8746268656716418,0.791623982361973,0,42,15.272352346120922,5.661340665231412,3.7391383290535103,0.22654241645244216,0.22654241645244216,0.8710865561694291
COMB_global,COMB,global,0.1,entropy,,oof,60+,2512,893,559,0.2054140127388535,516,0.8947368421052632,0.10526315789473684,94,0.8547140649149922,0.8579069314609126,27,121,26.62856520001453,9.370272136031682,5.918613523235112,0.46735668789808915,0.4140127388535032,0.8344657195799876
COMB_global,COMB,global,0.1,entropy,,oof,unknown,38,2,1,0.07894736842105263,3,1.0,0.0,0,,0.2784503631961259,0,0,12.0,4.592592592592592,3.111111111111111,0.15789473684210525,0.15789473684210525,0.8888888888888888
CAL_S56,CAL,band,0.1,entropy,0.775,oof,ALL,6981,1356,818,0.09998567540466982,698,0.7817109144542773,0.21828908554572268,296,0.7457044673539519,0.8150871207186399,90,386,16.91790490566038,6.198777023060796,4.054951446540881,0.25311559948431456,0.17547629279472854,0.9546666666666667
CAL_S56,CAL,band,0.1,entropy,0.775,oof,<40,1319,64,34,0.27975739196360877,369,0.796875,0.203125,13,0.13333333333333333,0.44923270548190103,28,41,32.677525193344266,11.345858396479441,7.0795250371064755,0.2812736921910538,0.025018953752843062,0.9920318725099602
CAL_S56,CAL,band,0.1,entropy,0.775,oof,40-59,3112,397,224,0.09865038560411311,307,0.7783375314861462,0.22166246851385385,88,0.6716417910447762,0.83714767631707,56,144,11.072466877648445,4.289660899434004,2.933099703791116,0.16838046272493573,0.10668380462724936,0.970902394106814
CAL_S56,CAL,band,0.1,entropy,0.775,oof,60+,2512,893,559,0.00875796178343949,22,0.7816349384098544,0.21836506159014557,195,0.7781569965870307,0.7893561140144569,6,201,14.299438437891018,5.343587637964407,3.5524174779790836,0.34554140127388533,0.34076433121019106,0.8987029030265596
CAL_S56,CAL,band,0.1,entropy,0.775,oof,unknown,38,2,1,0.0,0,1.0,0.0,0,1.0,0.3817850637522769,0,0,6.5,2.796296296296296,2.0555555555555554,0.10526315789473684,0.10526315789473684,0.9444444444444444
LAM_S56,LAM,band,0.1,entropy,0.85,oof,ALL,6981,1356,818,0.09998567540466982,698,0.8657817109144543,0.13421828908554567,182,0.842832469775475,0.8059872006874473,32,214,21.16582214650767,7.58614393337119,4.8702082907438955,0.31027073485174045,0.25755622403667094,0.8833777777777778
LAM_S56,LAM,band,0.1,entropy,0.85,oof,<40,1319,64,34,0.30856709628506446,407,0.875,0.125,8,0.5789473684210527,0.9100803777436252,16,24,33.72578258394991,11.688218554354012,7.280705748434832,0.31766489764973466,0.0758150113722517,0.952191235059761
LAM_S56,LAM,band,0.1,entropy,0.85,oof,40-59,3112,397,224,0.0012853470437017994,4,0.8967254408060453,0.10327455919395467,41,0.8964646464646465,0.7399425436150837,0,41,15.272925072940591,5.661527717425042,3.7392482463219316,0.22718508997429307,0.22718508997429307,0.8707182320441988
LAM_S56,LAM,band,0.1,entropy,0.85,oof,60+,2512,893,559,0.1142515923566879,287,0.851063829787234,0.14893617021276595,133,0.8205128205128205,0.8238689446881232,16,149,20.686874613959233,7.429719991764463,4.778289067325509,0.41162420382165604,0.39211783439490444,0.8511426806670784
LAM_S56,LAM,band,0.1,entropy,0.85,oof,unknown,38,2,1,0.0,0,1.0,0.0,0,1.0,0.3442100003843345,0,0,12.0,4.592592592592592,3.111111111111111,0.15789473684210525,0.15789473684210525,0.8888888888888888
S56,S56,band,0.15,msp,0.81,oof,ALL,6981,1356,818,0.14997851310700472,1047,0.8156342182890856,0.18436578171091444,250,0.7497497497497497,0.8456934252109111,171,421,17.960543942133814,6.539302230259191,4.255053887884268,0.27102134364704195,0.17017619252256125,0.9550222222222222
S56,S56,band,0.15,msp,0.81,oof,<40,1319,64,34,0.26004548900682334,343,0.828125,0.171875,11,0.5769230769230769,0.8834263687120707,18,29,30.243809666992405,10.551008544438599,6.612448319927835,0.27293404094010615,0.052312357846853674,0.9729083665338646
S56,S56,band,0.15,msp,0.81,oof,40-59,3112,397,224,0.1153598971722365,359,0.8136020151133502,0.18639798488664983,74,0.6991869918699187,0.8641741472133379,80,154,11.308160717034704,4.366638348661166,2.9783338749864585,0.17769922879177377,0.1018637532133676,0.972744014732965
S56,S56,band,0.15,msp,0.81,oof,60+,2512,893,559,0.13694267515923567,344,0.8152295632698768,0.18477043673012317,165,0.7724137931034483,0.8218783629735141,73,238,19.52701182387717,7.050909585576045,4.55568913791582,0.38813694267515925,0.3176751592356688,0.9116738727609636
S56,S56,band,0.15,msp,0.81,oof,unknown,38,2,1,0.02631578947368421,1,1.0,0.0,0,1.0,0.39765807962529276,0,0,6.5,2.796296296296296,2.0555555555555554,0.10526315789473684,0.10526315789473684,0.9444444444444444
COMB,COMB,band,0.15,entropy,0.875,oof,ALL,6981,1356,818,0.14997851310700472,1047,0.8856932153392331,0.11430678466076694,155,0.8607367475292004,0.8205682654700756,44,199,25.879043463780185,9.125478841705986,5.7747659172911465,0.35138232344936254,0.25683999427016185,0.8869333333333334
COMB,COMB,band,0.15,entropy,0.875,oof,<40,1319,64,34,0.4836997725549659,638,0.890625,0.109375,7,0.2222222222222222,0.47964573652647047,29,36,52.63749213671629,17.864770159129563,10.910225763612218,0.4852160727824109,0.03184230477634572,0.9888446215139443
COMB,COMB,band,0.15,entropy,0.875,oof,40-59,3112,397,224,0.02892030848329049,90,0.8942065491183879,0.10579345088161207,42,0.8842975206611571,0.764555979298736,0,42,15.272352346120922,5.661340665231412,3.7391383290535103,0.22654241645244216,0.22654241645244216,0.8710865561694291
COMB,COMB,band,0.15,entropy,0.875,oof,60+,2512,893,559,0.1265923566878981,318,0.8812989921612542,0.11870100783874582,106,0.8565629228687416,0.8304669184670109,15,121,22.856248817842125,8.138236145894567,5.194633611505053,0.43869426751592355,0.4140127388535032,0.8344657195799876
COMB,COMB,band,0.15,entropy,0.875,oof,unknown,38,2,1,0.02631578947368421,1,1.0,0.0,0,1.0,0.3600830162573504,0,0,12.0,4.592592592592592,3.111111111111111,0.15789473684210525,0.15789473684210525,0.8888888888888888
COMB_global,COMB,global,0.15,entropy,,oof,ALL,6981,1356,818,0.14997851310700472,1047,0.8938053097345132,0.10619469026548678,144,0.8346727898966705,0.8516517899498736,55,199,17.38298613861386,6.3506722405573885,4.144209460946095,0.29279472854891847,0.25683999427016185,0.8869333333333334
COMB_global,COMB,global,0.15,entropy,,oof,<40,1319,64,34,0.02350265352539803,31,0.5,0.5,32,0.3469387755102041,0.7852973042521126,4,36,5.101992031872509,2.339707835325365,1.7872509960159362,0.04397270659590599,0.03184230477634572,0.9888446215139443
COMB_global,COMB,global,0.15,entropy,,oof,40-59,3112,397,224,0.08161953727506427,254,0.8942065491183879,0.10579345088161207,42,0.8526315789473684,0.7985061847815244,0,42,15.272352346120922,5.661340665231412,3.7391383290535103,0.22654241645244216,0.22654241645244216,0.8710865561694291
COMB_global,COMB,global,0.15,entropy,,oof,60+,2512,893,559,0.3021496815286624,759,0.921612541993281,0.07838745800671898,70,0.8696461824953445,0.8917009312692149,51,121,30.99013386749242,10.794757525746684,6.755682257397535,0.5075636942675159,0.4140127388535032,0.8344657195799876
COMB_global,COMB,global,0.15,entropy,,oof,unknown,38,2,1,0.07894736842105263,3,1.0,0.0,0,,0.2784503631961259,0,0,12.0,4.592592592592592,3.111111111111111,0.15789473684210525,0.15789473684210525,0.8888888888888888
CAL_S56,CAL,band,0.15,entropy,0.82,oof,ALL,6981,1356,818,0.14997851310700472,1047,0.827433628318584,0.17256637168141598,234,0.7730358874878759,0.8408352749212507,152,386,19.633035294117647,7.085536779560308,4.5760370766488405,0.2862054146970348,0.17547629279472854,0.9546666666666667
CAL_S56,CAL,band,0.15,entropy,0.82,oof,<40,1319,64,34,0.33965125094768767,448,0.84375,0.15625,10,0.16666666666666666,0.4669347452584852,31,41,38.023107569721105,13.091722000885348,8.105444887118194,0.3411675511751327,0.025018953752843062,0.9920318725099602
CAL_S56,CAL,band,0.15,entropy,0.82,oof,40-59,3112,397,224,0.1192159383033419,371,0.8236775818639799,0.17632241813602012,70,0.7058823529411765,0.8600122038581933,74,144,11.536225860408534,4.441124270907838,3.0221039530076985,0.18155526992287918,0.10668380462724936,0.970902394106814
CAL_S56,CAL,band,0.15,entropy,0.82,oof,60+,2512,893,559,0.09036624203821655,227,0.8275475923852184,0.17245240761478164,154,0.8023106546854942,0.8172231211293793,47,201,18.73399607669747,6.791911176564494,4.403494196537898,0.38972929936305734,0.34076433121019106,0.8987029030265596
CAL_S56,CAL,band,0.15,entropy,0.82,oof,unknown,38,2,1,0.02631578947368421,1,1.0,0.0,0,1.0,0.39765807962529276,0,0,6.5,2.796296296296296,2.0555555555555554,0.10526315789473684,0.10526315789473684,0.9444444444444444
LAM_S56,LAM,band,0.15,entropy,0.875,oof,ALL,6981,1356,818,0.14997851310700472,1047,0.883480825958702,0.11651917404129797,158,0.844946025515211,0.8327995711294829,56,214,23.232061435726212,8.260976293823038,5.266759265442404,0.33147113594040967,0.25755622403667094,0.8833777777777778
LAM_S56,LAM,band,0.15,entropy,0.875,oof,<40,1319,64,34,0.3555724033358605,469,0.890625,0.109375,7,0.5882352941176471,0.9275256270202151,17,24,38.46596770811491,13.236359823862445,8.19043824701195,0.3639120545868082,0.0758150113722517,0.952191235059761
LAM_S56,LAM,band,0.15,entropy,0.875,oof,40-59,3112,397,224,0.010925449871465296,34,0.8967254408060453,0.10327455919395467,41,0.8943298969072165,0.7531705474909386,0,41,15.272925072940591,5.661527717425042,3.7392482463219316,0.22718508997429307,0.22718508997429307,0.8707182320441988
LAM_S56,LAM,band,0.15,entropy,0.875,oof,60+,2512,893,559,0.2161624203821656,543,0.8768197088465846,0.12318029115341544,110,0.8202614379084967,0.8687304689045211,39,149,24.57190830156262,8.69856937795143,5.523901593229188,0.4462579617834395,0.39211783439490444,0.8511426806670784
LAM_S56,LAM,band,0.15,entropy,0.875,oof,unknown,38,2,1,0.02631578947368421,1,1.0,0.0,0,1.0,0.3600830162573504,0,0,12.0,4.592592592592592,3.111111111111111,0.15789473684210525,0.15789473684210525,0.8888888888888888
S56,S56,band,0.2,msp,0.855,oof,ALL,6981,1356,818,0.19997135080933964,1396,0.8584070796460177,0.1415929203539823,192,0.7780346820809249,0.8649604747790421,229,421,21.03152164948454,7.542281481481481,4.844433447880871,0.30668958601919494,0.17017619252256125,0.9550222222222222
S56,S56,band,0.2,msp,0.855,oof,<40,1319,64,34,0.3169067475360121,418,0.875,0.125,8,0.5789473684210527,0.9100684429103791,21,29,34.71747296528172,12.012103965092013,7.471030165054069,0.3260045489006823,0.052312357846853674,0.9729083665338646
S56,S56,band,0.2,msp,0.855,oof,40-59,3112,397,224,0.15359897172236503,478,0.8589420654911839,0.1410579345088161,56,0.7294685990338164,0.8810131692039065,98,154,13.73569773658884,5.1594703045424835,3.4442248181332116,0.20597686375321336,0.1018637532133676,0.972744014732965
S56,S56,band,0.2,msp,0.855,oof,60+,2512,893,559,0.1982484076433121,498,0.8566629339305711,0.14333706606942886,128,0.7990580847723705,0.8395827981068288,110,238,22.414090033789922,7.993827384773139,5.109774854969782,0.4239649681528662,0.3176751592356688,0.9116738727609636
S56,S56,band,0.2,msp,0.855,oof,unknown,38,2,1,0.05263157894736842,2,1.0,0.0,0,1.0,0.39757869249394673,0,0,9.25,3.694444444444444,2.5833333333333335,0.13157894736842105,0.10526315789473684,0.9444444444444444
COMB,COMB,band,0.2,entropy,0.89,oof,ALL,6981,1356,818,0.19997135080933964,1396,0.8930678466076696,0.10693215339233042,145,0.8596321393998064,0.8369049075199223,54,199,29.733315276630886,10.38428142031379,6.5144746490503715,0.3823234493625555,0.25683999427016185,0.8869333333333334
COMB,COMB,band,0.2,entropy,0.89,oof,<40,1319,64,34,0.6080363912054587,802,0.90625,0.09375,6,0.0,0.4275582573454914,30,36,65.76142327242752,22.151037230388788,13.428960021981041,0.6080363912054587,0.03184230477634572,0.9888446215139443
COMB,COMB,band,0.2,entropy,0.89,oof,40-59,3112,397,224,0.04466580976863753,139,0.8942065491183879,0.10579345088161207,42,0.8771929824561403,0.7844829183577133,0,42,15.272352346120922,5.661340665231412,3.7391383290535103,0.22654241645244216,0.22654241645244216,0.8710865561694291
COMB,COMB,band,0.2,entropy,0.89,oof,60+,2512,893,559,0.17993630573248406,452,0.8913773796192609,0.10862262038073911,97,0.8583941605839416,0.8507972169701057,24,121,25.69614905906928,9.06574565228862,5.739664970932488,0.4601910828025478,0.4140127388535032,0.8344657195799876
COMB,COMB,band,0.2,entropy,0.89,oof,unknown,38,2,1,0.07894736842105263,3,1.0,0.0,0,,0.2784503631961259,0,0,12.0,4.592592592592592,3.111111111111111,0.15789473684210525,0.15789473684210525,0.8888888888888888
COMB_global,COMB,global,0.2,entropy,,oof,ALL,6981,1356,818,0.19997135080933964,1396,0.911504424778761,0.08849557522123896,120,0.8347107438016529,0.8767708339954591,79,199,18.802656310679613,6.814335562747213,4.416671413160733,0.3091247672253259,0.25683999427016185,0.8869333333333334
COMB_global,COMB,global,0.2,entropy,,oof,<40,1319,64,34,0.04624715693707354,61,0.515625,0.484375,31,0.32608695652173914,0.8049400153563949,5,36,8.19043824701195,3.348392289428146,2.379983097911385,0.060652009097801364,0.03184230477634572,0.9888446215139443
COMB_global,COMB,global,0.2,entropy,,oof,40-59,3112,397,224,0.13110539845758354,408,0.8942065491183879,0.10579345088161207,42,0.8141592920353983,0.8429722109988645,0,42,15.435464944362305,5.714613129976914,3.770442767099836,0.22782776349614395,0.22654241645244216,0.8710865561694291
COMB_global,COMB,global,0.2,entropy,,oof,60+,2512,893,559,0.3674363057324841,923,0.9473684210526315,0.052631578947368474,47,0.8964757709251101,0.9067695111653579,74,121,34.37029030265595,11.898714341271475,7.404399148994577,0.5425955414012739,0.4140127388535032,0.8344657195799876
COMB_global,COMB,global,0.2,entropy,,oof,unknown,38,2,1,0.10526315789473684,4,1.0,0.0,0,,0.2807881773399015,0,0,12.0,4.592592592592592,3.111111111111111,0.15789473684210525,0.15789473684210525,0.8888888888888888
CAL_S56,CAL,band,0.2,entropy,0.845,oof,ALL,6981,1356,818,0.19997135080933964,1396,0.8613569321533924,0.13864306784660763,188,0.7918050941306756,0.8658671316474675,198,386,22.454520547945208,8.00703196347032,5.117534246575342,0.31771952442343504,0.17547629279472854,0.9546666666666667
CAL_S56,CAL,band,0.2,entropy,0.845,oof,<40,1319,64,34,0.3661865049279757,483,0.859375,0.140625,9,0.18181818181818182,0.47069486981328296,32,41,40.470916334661354,13.89117469515876,8.575226367258239,0.36770280515542075,0.025018953752843062,0.9920318725099602
CAL_S56,CAL,band,0.2,entropy,0.845,oof,40-59,3112,397,224,0.14010282776349614,436,0.8488664987405542,0.1511335012594458,60,0.7285067873303167,0.8758522270389866,84,144,13.070695280095741,4.942280950064939,3.3165980840587785,0.198586118251928,0.10668380462724936,0.970902394106814
CAL_S56,CAL,band,0.2,entropy,0.845,oof,60+,2512,893,559,0.18869426751592358,474,0.8667413213885778,0.13325867861142215,119,0.8226527570789866,0.8498006846447971,82,201,24.775449961934584,8.76504594716382,5.562965144209667,0.44227707006369427,0.34076433121019106,0.8987029030265596
CAL_S56,CAL,band,0.2,entropy,0.845,oof,unknown,38,2,1,0.07894736842105263,3,1.0,0.0,0,,0.28337236533957844,0,0,6.5,2.796296296296296,2.0555555555555554,0.10526315789473684,0.10526315789473684,0.9444444444444444
LAM_S56,LAM,band,0.2,entropy,0.89,oof,ALL,6981,1356,818,0.19997135080933964,1396,0.8938053097345132,0.10619469026548678,144,0.8348623853211009,0.8579948111893406,70,214,24.78683564356436,8.768764503116978,5.565150275027503,0.34665520699040253,0.25755622403667094,0.8833777777777778
LAM_S56,LAM,band,0.2,entropy,0.89,oof,<40,1319,64,34,0.3957543593631539,522,0.90625,0.09375,6,0.5384615384615384,0.938958738932531,18,24,41.998159087786775,14.389971149883227,8.868333562302514,0.40106141015921154,0.0758150113722517,0.952191235059761
LAM_S56,LAM,band,0.2,entropy,0.89,oof,40-59,3112,397,224,0.05077120822622108,158,0.8967254408060453,0.10327455919395467,41,0.8779761904761905,0.7914022792358356,0,41,15.272925072940591,5.661527717425042,3.7392482463219316,0.22718508997429307,0.22718508997429307,0.8707182320441988
LAM_S56,LAM,band,0.2,entropy,0.89,oof,60+,2512,893,559,0.2838375796178344,713,0.8913773796192609,0.10862262038073911,97,0.8145315487571702,0.8871264165729043,52,149,27.205358168234625,9.55865233103959,6.029311163600584,0.46894904458598724,0.39211783439490444,0.8511426806670784
LAM_S56,LAM,band,0.2,entropy,0.89,oof,unknown,38,2,1,0.07894736842105263,3,1.0,0.0,0,,0.2784503631961259,0,0,12.0,4.592592592592592,3.111111111111111,0.15789473684210525,0.15789473684210525,0.8888888888888888
S56,S56,band,0.25,msp,0.88,oof,ALL,6981,1356,818,0.24996418851167454,1745,0.8856932153392331,0.11430678466076694,155,0.7933333333333333,0.8946811322978457,266,421,24.607271273938384,8.710118900915903,5.530688426311407,0.34221458243804614,0.17017619252256125,0.9550222222222222
S56,S56,band,0.25,msp,0.88,oof,<40,1319,64,34,0.39878695981804396,526,0.90625,0.09375,6,0.5384615384615384,0.9389551595286002,23,29,42.346338782799826,14.503686403810049,8.93515592801209,0.4040940106141016,0.052312357846853674,0.9729083665338646
S56,S56,band,0.25,msp,0.88,oof,40-59,3112,397,224,0.18059125964010284,562,0.8841309823677582,0.11586901763224178,46,0.75,0.9057796266427426,108,154,15.723700240827311,5.808750583704542,3.825760652279989,0.2275064267352185,0.1018637532133676,0.972744014732965
S56,S56,band,0.25,msp,0.88,oof,60+,2512,893,559,0.25995222929936307,653,0.8846584546472565,0.11534154535274355,103,0.8137432188065099,0.8774793286830329,135,238,25.399864739134173,8.968979392915875,5.682802323672214,0.455015923566879,0.3176751592356688,0.9116738727609636
S56,S56,band,0.25,msp,0.88,oof,unknown,38,2,1,0.10526315789473684,4,1.0,0.0,0,,0.28329297820823246,0,0,9.25,3.694444444444444,2.5833333333333335,0.13157894736842105,0.10526315789473684,0.9444444444444444
COMB,COMB,band,0.25,entropy,0.89,oof,ALL,6981,1356,818,0.24996418851167454,1745,0.9100294985250738,0.08997050147492625,122,0.858139534883721,0.8610739387098033,77,199,30.532229497568885,10.645206266882765,6.667801620745544,0.3955020770663229,0.25683999427016185,0.8869333333333334
COMB,COMB,band,0.25,entropy,0.89,oof,<40,1319,64,34,0.6080363912054587,802,0.90625,0.09375,6,0.0,0.4275582573454914,30,36,65.76142327242752,22.151037230388788,13.428960021981041,0.6080363912054587,0.03184230477634572,0.9888446215139443
COMB,COMB,band,0.25,entropy,0.89,oof,40-59,3112,397,224,0.07455012853470437,232,0.8942065491183879,0.10579345088161207,42,0.8595317725752508,0.7957293061488077,0,42,15.272352346120922,5.661340665231412,3.7391383290535103,0.22654241645244216,0.22654241645244216,0.8710865561694291
COMB,COMB,band,0.25,entropy,0.89,oof,60+,2512,893,559,0.2818471337579618,708,0.9171332586786114,0.0828667413213886,74,0.8666666666666667,0.887448135181565,47,121,29.603105973705105,10.341755149661266,6.489484984852495,0.4968152866242038,0.4140127388535032,0.8344657195799876
COMB,COMB,band,0.25,entropy,0.89,oof,unknown,38,2,1,0.07894736842105263,3,1.0,0.0,0,,0.2784503631961259,0,0,12.0,4.592592592592592,3.111111111111111,0.15789473684210525,0.15789473684210525,0.8888888888888888
COMB_global,COMB,global,0.25,entropy,,oof,ALL,6981,1356,818,0.24996418851167454,1745,0.9292035398230089,0.07079646017699115,96,0.8449111470113085,0.8967660519148248,103,199,21.45622857142857,7.680990476190475,4.925942857142857,0.33519553072625696,0.25683999427016185,0.8869333333333334
COMB_global,COMB,global,0.25,entropy,,oof,<40,1319,64,34,0.06141015921152388,81,0.53125,0.46875,30,0.3333333333333333,0.8111119157128804,6,36,10.65174595734708,4.15225373017733,2.8523552847433793,0.07505686125852919,0.03184230477634572,0.9888446215139443
COMB_global,COMB,global,0.25,entropy,,oof,40-59,3112,397,224,0.17512853470437018,545,0.8992443324937027,0.10075566750629728,40,0.786096256684492,0.8692973960702878,2,42,16.530535308045867,6.072262373334845,3.9806077863926417,0.2377892030848329,0.22654241645244216,0.8710865561694291
COMB_global,COMB,global,0.25,entropy,,oof,60+,2512,893,559,0.44307324840764334,1113,0.9708846584546472,0.02911534154535278,26,0.9328165374677002,0.926673215154792,95,121,40.553083944764914,13.918010581286858,8.590995908591244,0.5951433121019108,0.4140127388535032,0.8344657195799876
COMB_global,COMB,global,0.25,entropy,,oof,unknown,38,2,1,0.15789473684210525,6,1.0,0.0,0,,0.2857142857142857,0,0,12.0,4.592592592592592,3.111111111111111,0.15789473684210525,0.15789473684210525,0.8888888888888888
CAL_S56,CAL,band,0.25,entropy,0.875,oof,ALL,6981,1356,818,0.24996418851167454,1745,0.883480825958702,0.11651917404129797,158,0.8087167070217918,0.8761353002283723,228,386,26.957326210350587,9.47764526061955,5.981709070673345,0.3582581292078499,0.17547629279472854,0.9546666666666667
CAL_S56,CAL,band,0.25,entropy,0.875,oof,<40,1319,64,34,0.4836997725549659,638,0.890625,0.109375,7,0.2222222222222222,0.47964573652647047,34,41,52.63749213671629,17.864770159129563,10.910225763612218,0.4852160727824109,0.025018953752843062,0.9920318725099602
CAL_S56,CAL,band,0.25,entropy,0.875,oof,40-59,3112,397,224,0.17255784061696658,537,0.8790931989924433,0.12090680100755669,48,0.746031746031746,0.88044005979789,96,144,15.227367854485584,5.646648760555898,3.730504941769961,0.22236503856041132,0.10668380462724936,0.970902394106814
CAL_S56,CAL,band,0.25,entropy,0.875,oof,60+,2512,893,559,0.22571656050955413,567,0.8846584546472565,0.11534154535274355,103,0.8359872611464968,0.861878355733925,98,201,26.920536195964065,9.465629666695335,5.974648360841588,0.4637738853503185,0.34076433121019106,0.8987029030265596
CAL_S56,CAL,band,0.25,entropy,0.875,oof,unknown,38,2,1,0.07894736842105263,3,1.0,0.0,0,,0.28337236533957844,0,0,6.5,2.796296296296296,2.0555555555555554,0.10526315789473684,0.10526315789473684,0.9444444444444444
LAM_S56,LAM,band,0.25,entropy,0.89,oof,ALL,6981,1356,818,0.24996418851167454,1745,0.9033923303834809,0.09660766961651912,131,0.8185595567867036,0.883558465213904,83,214,25.391617306122452,8.966285786848072,5.681219482993197,0.3548202263286062,0.25755622403667094,0.8833777777777778
LAM_S56,LAM,band,0.25,entropy,0.89,oof,<40,1319,64,34,0.3957543593631539,522,0.90625,0.09375,6,0.5384615384615384,0.938958738932531,18,24,41.998159087786775,14.389971149883227,8.868333562302514,0.40106141015921154,0.0758150113722517,0.952191235059761
LAM_S56,LAM,band,0.25,entropy,0.89,oof,40-59,3112,397,224,0.13624678663239073,424,0.8967254408060453,0.10327455919395467,41,0.8169642857142857,0.8400766241445805,0,41,15.476243093922651,5.72793124616329,3.7782688766114174,0.22879177377892032,0.22718508997429307,0.8707182320441988
LAM_S56,LAM,band,0.25,entropy,0.89,oof,60+,2512,893,559,0.31648089171974525,795,0.9059350503919373,0.09406494960806266,84,0.8268041237113402,0.895263508792983,65,149,29.416682763628142,10.280869454787643,6.453706793019542,0.4896496815286624,0.39211783439490444,0.8511426806670784
LAM_S56,LAM,band,0.25,entropy,0.89,oof,unknown,38,2,1,0.10526315789473684,4,1.0,0.0,0,,0.2807881773399015,0,0,12.0,4.592592592592592,3.111111111111111,0.15789473684210525,0.15789473684210525,0.8888888888888888
S56,S56,band,0.3,msp,0.905,oof,ALL,6981,1356,818,0.29995702621400944,2094,0.9129793510324484,0.08702064896755157,118,0.8153364632237872,0.9103100112975788,303,421,28.219892730210017,9.889998635792496,6.224019816908993,0.37960177624982094,0.17017619252256125,0.9550222222222222
S56,S56,band,0.3,msp,0.905,oof,<40,1319,64,34,0.44579226686884005,588,0.921875,0.078125,5,0.5833333333333334,0.944951664876477,24,29,46.86529812951583,15.979575483377225,9.802430954149504,0.45109931766489764,0.052312357846853674,0.9729083665338646
S56,S56,band,0.3,msp,0.905,oof,40-59,3112,397,224,0.21690231362467866,675,0.9093198992443325,0.09068010075566746,36,0.76,0.9189808663690796,118,154,18.443672426194883,6.69709166781449,4.347775516138412,0.25578406169665807,0.1018637532133676,0.972744014732965
S56,S56,band,0.3,msp,0.905,oof,60+,2512,893,559,0.3284235668789809,825,0.9137737961926092,0.08622620380739077,77,0.8385744234800838,0.8944690505612527,161,238,30.24361670239436,10.550945522330819,6.612411286318109,0.49880573248407645,0.3176751592356688,0.9116738727609636
S56,S56,band,0.3,msp,0.905,oof,unknown,38,2,1,0.15789473684210525,6,1.0,0.0,0,,0.2857142857142857,0,0,12.0,4.592592592592592,3.111111111111111,0.15789473684210525,0.10526315789473684,0.9444444444444444
COMB,COMB,band,0.3,entropy,0.9,oof,ALL,6981,1356,818,0.29995702621400944,2094,0.9085545722713865,0.09144542772861353,124,0.8397932816537468,0.8889516044475051,75,199,32.07177142857143,11.148019624819623,6.963269264069265,0.4062455235639593,0.25683999427016185,0.8869333333333334
COMB,COMB,band,0.3,entropy,0.9,oof,<40,1319,64,34,0.640636846095527,845,0.921875,0.078125,5,0.0,0.4276232616940582,31,36,68.2576946451482,22.96631777972854,13.908042406644608,0.640636846095527,0.03184230477634572,0.9888446215139443
COMB,COMB,band,0.3,entropy,0.9,oof,40-59,3112,397,224,0.20179948586118251,628,0.9042821158690176,0.09571788413098237,38,0.7668711656441718,0.8960935155764681,4,42,17.49243293987288,6.386417492147035,4.165214402601865,0.2467866323907455,0.22654241645244216,0.8710865561694291
COMB,COMB,band,0.3,entropy,0.9,oof,60+,2512,893,559,0.24601910828025478,618,0.9092945128779395,0.0907054871220605,81,0.8663366336633663,0.8728981520024119,40,121,28.235716111325786,9.895166541409433,6.22705662742616,0.48447452229299365,0.4140127388535032,0.8344657195799876
COMB,COMB,band,0.3,entropy,0.9,oof,unknown,38,2,1,0.07894736842105263,3,1.0,0.0,0,,0.2784503631961259,0,0,12.0,4.592592592592592,3.111111111111111,0.15789473684210525,0.15789473684210525,0.8888888888888888
COMB_global,COMB,global,0.3,entropy,,oof,ALL,6981,1356,818,0.29995702621400944,2094,0.9432153392330384,0.05678466076696165,77,0.8507751937984496,0.9223280445165656,122,199,24.77230211102424,8.764017861176265,5.562361011206672,0.3657069187795445,0.25683999427016185,0.8869333333333334
COMB_global,COMB,global,0.3,entropy,,oof,<40,1319,64,34,0.1023502653525398,135,0.59375,0.40625,26,0.1875,0.7804389857891038,10,36,14.817236317886346,5.512700076885441,3.6517928286852586,0.10765731614859743,0.03184230477634572,0.9888446215139443
COMB_global,COMB,global,0.3,entropy,,oof,40-59,3112,397,224,0.2133676092544987,664,0.9042821158690176,0.09571788413098237,38,0.7610062893081762,0.9002117262693954,4,42,18.460204065928988,6.7024908902192335,4.350948255077282,0.2544987146529563,0.22654241645244216,0.8710865561694291
COMB_global,COMB,global,0.3,entropy,,oof,60+,2512,893,559,0.5127388535031847,1288,0.9854423292273237,0.014557670772676334,13,0.96,0.9534425010636627,108,121,46.42220506485484,15.834861586838114,9.717392891234766,0.64171974522293,0.4140127388535032,0.8344657195799876
COMB_global,COMB,global,0.3,entropy,,oof,unknown,38,2,1,0.18421052631578946,7,1.0,0.0,0,,0.2857142857142857,0,0,14.75,5.4907407407407405,3.638888888888889,0.18421052631578946,0.15789473684210525,0.8888888888888888
CAL_S56,CAL,band,0.3,entropy,0.895,oof,ALL,6981,1356,818,0.29995702621400944,2094,0.8997050147492626,0.10029498525073743,136,0.8240620957309185,0.8887405830312797,250,386,32.02528,11.132835555555554,6.954346666666666,0.4019481449649047,0.17547629279472854,0.9546666666666667
CAL_S56,CAL,band,0.3,entropy,0.895,oof,<40,1319,64,34,0.640636846095527,845,0.921875,0.078125,5,0.0,0.4276232616940582,36,41,68.2576946451482,22.96631777972854,13.908042406644608,0.640636846095527,0.025018953752843062,0.9920318725099602
CAL_S56,CAL,band,0.3,entropy,0.895,oof,40-59,3112,397,224,0.20051413881748073,624,0.8992443324937027,0.10075566750629728,40,0.7575757575757576,0.8979277686669355,104,144,17.26042991782348,6.310645461376692,4.120688570087335,0.243573264781491,0.10668380462724936,0.970902394106814
CAL_S56,CAL,band,0.3,entropy,0.895,oof,60+,2512,893,559,0.24761146496815287,622,0.8980963045912654,0.10190369540873456,91,0.8490878938640133,0.8713192936511779,110,201,28.0306160170913,9.828180988746992,6.187693983078129,0.4773089171974522,0.34076433121019106,0.8987029030265596
CAL_S56,CAL,band,0.3,entropy,0.895,oof,unknown,38,2,1,0.07894736842105263,3,1.0,0.0,0,,0.28337236533957844,0,0,6.5,2.796296296296296,2.0555555555555554,0.10526315789473684,0.10526315789473684,0.9444444444444444
LAM_S56,LAM,band,0.3,entropy,0.905,oof,ALL,6981,1356,818,0.29995702621400944,2094,0.9210914454277286,0.07890855457227142,107,0.826580226904376,0.916767274234105,107,214,27.655333867093677,9.705614091273016,6.1156701361088865,0.37874230053001,0.25755622403667094,0.8833777777777778
LAM_S56,LAM,band,0.3,entropy,0.905,oof,<40,1319,64,34,0.41925701288855194,553,0.921875,0.078125,5,0.5833333333333334,0.9449821653278836,19,24,43.870362617327295,15.00143156188804,9.227645350800188,0.4245640636846095,0.0758150113722517,0.952191235059761
LAM_S56,LAM,band,0.3,entropy,0.905,oof,40-59,3112,397,224,0.20726221079691518,645,0.9093198992443325,0.09068010075566746,36,0.7777777777777778,0.9216804658529629,5,41,17.9624676696102,6.539930518357539,4.255423088107007,0.2519280205655527,0.22718508997429307,0.8707182320441988
LAM_S56,LAM,band,0.3,entropy,0.905,oof,60+,2512,893,559,0.3546974522292994,891,0.9260918253079508,0.07390817469204924,66,0.8510158013544018,0.9052184038047235,83,149,31.83551283765263,11.07085772812224,6.917926706216161,0.5151273885350318,0.39211783439490444,0.8511426806670784
LAM_S56,LAM,band,0.3,entropy,0.905,oof,unknown,38,2,1,0.13157894736842105,5,1.0,0.0,0,,0.2832080200501253,0,0,12.0,4.592592592592592,3.111111111111111,0.15789473684210525,0.15789473684210525,0.8888888888888888
S56_matched,S56,band,0.305,msp,0.91,oof,ALL,6981,1356,818,0.30497063457957313,2129,0.915929203539823,0.08407079646017701,114,0.8184713375796179,0.9113538855509719,307,421,28.574183574879225,10.005709787081766,6.292015029522275,0.3834694169889701,0.17017619252256125,0.9550222222222222
S56_matched,S56,band,0.305,msp,0.91,oof,<40,1319,64,34,0.45489006823351025,600,0.9375,0.0625,4,0.6363636363636364,0.9518506734542369,25,29,47.02645418326692,16.03220894200974,9.8333598937583,0.46019711902956784,0.052312357846853674,0.9729083665338646
S56_matched,S56,band,0.305,msp,0.91,oof,40-59,3112,397,224,0.22204370179948585,691,0.9143576826196473,0.08564231738035266,34,0.7622377622377622,0.9200673096127939,120,154,18.666599698643893,6.769899564876963,4.390559538123576,0.2589974293059126,0.1018637532133676,0.972744014732965
S56_matched,S56,band,0.305,msp,0.91,oof,60+,2512,893,559,0.33121019108280253,832,0.9148936170212766,0.08510638297872342,76,0.8396624472573839,0.8949727952678689,162,238,30.475171294367755,10.62657109614031,6.65685105649482,0.5007961783439491,0.3176751592356688,0.9116738727609636
S56_matched,S56,band,0.305,msp,0.91,oof,unknown,38,2,1,0.15789473684210525,6,1.0,0.0,0,,0.2857142857142857,0,0,12.0,4.592592592592592,3.111111111111111,0.15789473684210525,0.10526315789473684,0.9444444444444444
