arm,view,kind,budget,score,floor,panel,band,n,n_escalating,n_escalating_groups,referral_rate,n_referred,system_sens,frr,n_false_reassured,retained_sens,retained_macro_f1,rescued_misses,argmax_misses,nnb_pi0.01,nnb_pi0.03,nnb_pi0.05,system_sens_ci_lo,system_sens_ci_hi,system_sens_ci_method,flag_rate,decision_esc_rate,decision_specificity
S56_none,S56,none,0.0,,,reserved,ALL,4733,2340,779,0.0,0,0.3918803418803419,0.6081196581196582,1423,0.3918803418803419,0.4107912428541786,0,1423,11.768102713248064,4.516855094899199,3.066605571229426,0.3588280915770802,0.42651651964826276,boot,0.21529685189097825,0.21529685189097825,0.9573756790639365
S56_none,S56,none,0.0,,,reserved,<40,978,279,104,0.0,0,0.34050179211469533,0.6594982078853047,184,0.34050179211469533,0.44340675930349843,0,184,6.407318725999548,2.766026654619381,2.0377682403433477,0.21800204613420543,0.4644208139911475,boot,0.11042944785276074,0.11042944785276074,0.9814020028612304
S56_none,S56,none,0.0,,,reserved,40-59,1525,598,174,0.0,0,0.3695652173913043,0.6304347826086957,377,0.3695652173913043,0.39091819415841966,0,377,6.7795545402627075,2.887598620893881,2.1092074370201157,0.2913038804318651,0.4477618544445912,boot,0.1580327868852459,0.1580327868852459,0.9784250269687162
S56_none,S56,none,0.0,,,reserved,60+,2111,1428,479,0.0,0,0.41316526610644255,0.5868347338935574,838,0.41316526610644255,0.3788536031712928,0,838,24.15445814824925,8.562230438990495,5.4437848971387455,0.37202521793275223,0.45611468656637844,boot,0.31075319753671243,0.31075319753671243,0.9033674963396778
S56_none,S56,none,0.0,,,reserved,unknown,119,35,25,0.0,0,0.3142857142857143,0.6857142857142857,24,0.3142857142857143,0.23537308908232646,0,24,12.25,4.674242424242423,3.159090909090909,0.16851715074700252,0.49288000031517487,CP,0.11764705882352941,0.11764705882352941,0.9642857142857143
LAM,LAM,none,0.0,,,reserved,ALL,4733,2340,779,0.0,0,0.5794871794871795,0.42051282051282046,984,0.5794871794871795,0.44518357832866584,0,984,29.485349969860472,10.303296118102576,6.466885347751,0.5417024264697623,0.6156230462187554,boot,0.37080076061694484,0.37080076061694484,0.8332636857501045
LAM,LAM,none,0.0,,,reserved,<40,978,279,104,0.0,0,0.40860215053763443,0.5913978494623655,165,0.40860215053763443,0.46184795215742813,0,165,10.705443867178674,4.16979143136812,2.862660944206008,0.281354959695477,0.5373573168401948,boot,0.14519427402862986,0.14519427402862986,0.9599427753934192
LAM,LAM,none,0.0,,,reserved,40-59,1525,598,174,0.0,0,0.705685618729097,0.29431438127090304,176,0.705685618729097,0.4196361780232167,0,176,36.41278240463811,12.565790886363287,7.796392582708323,0.6338013678780502,0.7748008956960231,boot,0.4301639344262295,0.4301639344262295,0.7475728155339806
LAM,LAM,none,0.0,,,reserved,60+,2111,1428,479,0.0,0,0.5553221288515406,0.44467787114845936,635,0.5553221288515406,0.41914755425533456,0,635,31.800056866542718,11.059277831833816,6.9111220248920375,0.5151713581984517,0.5978781747674009,boot,0.4315490288962577,0.4315490288962577,0.8272327964860908
LAM,LAM,none,0.0,,,reserved,unknown,119,35,25,0.0,0,0.7714285714285715,0.22857142857142854,8,0.7714285714285715,0.21000824572253143,0,8,30.02777777777778,10.480452674897117,6.570987654320987,0.5986367438926854,0.8957895680521848,CP,0.3865546218487395,0.3865546218487395,0.7738095238095238
COMB_none,COMB,none,0.0,,,reserved,ALL,4733,2340,779,0.0,0,0.602991452991453,0.39700854700854704,929,0.602991452991453,0.46730927253195853,0,929,27.826134458435497,9.761397449388024,6.148450047578529,0.5673268448773795,0.6384844267436796,boot,0.3807310373969998,0.3807310373969998,0.8366067697450899
COMB_none,COMB,none,0.0,,,reserved,<40,978,279,104,0.0,0,0.2616487455197133,0.7383512544802867,206,0.2616487455197133,0.4291124103429273,0,206,3.165206655300135,1.7071550355694043,1.4155447116232582,0.15126050420168066,0.37576418132276435,boot,0.0787321063394683,0.0787321063394683,0.994277539341917
COMB_none,COMB,none,0.0,,,reserved,40-59,1525,598,174,0.0,0,0.6923076923076923,0.3076923076923077,184,0.6923076923076923,0.41789870738893314,0,184,35.400215749730314,12.235087298733468,7.6020616085341,0.6182025336150874,0.7618151492291008,boot,0.41770491803278686,0.41770491803278686,0.7594390507011866
COMB_none,COMB,none,0.0,,,reserved,60+,2111,1428,479,0.0,0,0.6281512605042017,0.37184873949579833,531,0.6281512605042017,0.4551524388517647,0,531,34.459408374425244,11.927820243499152,7.421502617313936,0.5884048666754236,0.6680513676744583,boot,0.4936049265750829,0.4936049265750829,0.787701317715959
COMB_none,COMB,none,0.0,,,reserved,unknown,119,35,25,0.0,0,0.7714285714285715,0.22857142857142854,8,0.7714285714285715,0.21000824572253143,0,8,30.02777777777778,10.480452674897117,6.570987654320987,0.5986367438926854,0.8957895680521848,CP,0.3865546218487395,0.3865546218487395,0.7738095238095238
S56,S56,band,0.1,msp,0.755,reserved,ALL,4733,2340,779,0.2148742869216142,1017,0.5564102564102564,0.44358974358974357,1038,0.3839762611275964,0.43455595239920114,385,1423,32.52559019105263,11.296236527044124,7.050365794242423,0.5204742645711025,0.5912602607866966,boot,0.3646735685611663,0.21529685189097825,0.9573756790639365
S56,S56,band,0.1,msp,0.755,reserved,<40,978,279,104,0.38139059304703476,373,0.7132616487455197,0.28673835125448033,80,0.17525773195876287,0.4764316233561637,104,184,38.92647788297711,13.38676213686458,8.278818987642072,0.5914264237707818,0.811265574991445,boot,0.3987730061349693,0.11042944785276074,0.9814020028612304
S56,S56,band,0.1,msp,0.755,reserved,40-59,1525,598,174,0.2321311475409836,354,0.6086956521739131,0.3913043478260869,234,0.35359116022099446,0.4194010453283425,143,377,22.93134535367545,8.162762623927673,5.209046077978117,0.5312414772727273,0.6835855605692467,boot,0.320655737704918,0.1580327868852459,0.9784250269687162
S56,S56,band,0.1,msp,0.755,reserved,60+,2111,1428,479,0.13358597820937945,282,0.5063025210084033,0.49369747899159666,705,0.41102756892230574,0.39477890927415205,133,838,30.774038140252607,10.724180806749168,6.71420934004848,0.46601015341288077,0.5491987648230691,boot,0.3917574609189957,0.31075319753671243,0.9033674963396778
S56,S56,band,0.1,msp,0.755,reserved,unknown,119,35,25,0.06722689075630252,8,0.45714285714285713,0.5428571428571429,19,0.3448275862068966,0.25215702903564174,5,24,11.3125,4.368055555555555,2.9791666666666665,0.288271443790757,0.6335419828785478,CP,0.16806722689075632,0.11764705882352941,0.9642857142857143
COMB,COMB,band,0.1,entropy,0.865,reserved,ALL,4733,2340,779,0.18064652440312698,855,0.6782051282051282,0.32179487179487176,753,0.5891980360065466,0.47524154662637697,176,929,43.27315492492676,14.806383931710084,9.11302973306675,0.6445963396311505,0.7102375869835613,boot,0.48172406507500526,0.3807310373969998,0.8366067697450899
COMB,COMB,band,0.1,entropy,0.865,reserved,<40,978,279,104,0.5337423312883436,522,0.7992831541218638,0.2007168458781362,56,0.0,0.2761457109283196,150,206,53.98202428838121,18.303893454454474,11.168267287669122,0.6984701280676298,0.8791365280289329,boot,0.5337423312883436,0.0787321063394683,0.994277539341917
COMB,COMB,band,0.1,entropy,0.865,reserved,40-59,1525,598,174,0.043278688524590166,66,0.6923076923076923,0.3076923076923077,184,0.6617647058823529,0.4221398672525835,0,184,35.400215749730314,12.235087298733468,7.6020616085341,0.6182025336150874,0.7618151492291008,boot,0.41770491803278686,0.41770491803278686,0.7594390507011866
COMB,COMB,band,0.1,entropy,0.865,reserved,60+,2111,1428,479,0.12458550450023685,263,0.646358543417367,0.353641456582633,505,0.5791666666666667,0.4613370552048611,26,531,35.08667071694725,12.132683702167958,7.541886299212099,0.6057648601398601,0.6856200087597635,boot,0.5092373282804358,0.4936049265750829,0.787701317715959
COMB,COMB,band,0.1,entropy,0.865,reserved,unknown,119,35,25,0.03361344537815126,4,0.7714285714285715,0.22857142857142854,8,0.7575757575757576,0.21139806036831207,0,8,30.02777777777778,10.480452674897117,6.570987654320987,0.5986367438926854,0.8957895680521848,CP,0.3865546218487395,0.3865546218487395,0.7738095238095238
COMB_global,COMB,global,0.1,entropy,,reserved,ALL,4733,2340,779,0.27931544474963027,1322,0.7055555555555556,0.2944444444444444,689,0.4831207801950488,0.4943065016437882,240,929,30.728242807927323,10.709224082050337,6.70542033687494,0.6730485392553373,0.7377868423857293,boot,0.45594760194379885,0.3807310373969998,0.8366067697450899
COMB_global,COMB,global,0.1,entropy,,reserved,<40,978,279,104,0.07259713701431493,71,0.3548387096774194,0.6451612903225806,180,0.21052631578947367,0.40385740298447725,26,206,10.180257510729612,3.9982659210127025,2.7618676030693194,0.22580645161290322,0.47929045092838196,boot,0.12474437627811862,0.0787321063394683,0.994277539341917
COMB_global,COMB,global,0.1,entropy,,reserved,40-59,1525,598,174,0.17573770491803278,268,0.6923076923076923,0.3076923076923077,184,0.551219512195122,0.4232112793521795,0,184,35.400215749730314,12.235087298733468,7.6020616085341,0.6182025336150874,0.7618151492291008,boot,0.41770491803278686,0.41770491803278686,0.7594390507011866
COMB_global,COMB,global,0.1,entropy,,reserved,60+,2111,1428,479,0.4552344860255803,961,0.7780112044817927,0.22198879551820727,317,0.5317577548005908,0.520549822429733,214,531,46.08623863850514,15.725135178232318,9.652914486177753,0.7422652283371542,0.8107647014299321,boot,0.6409284699194695,0.4936049265750829,0.787701317715959
COMB_global,COMB,global,0.1,entropy,,reserved,unknown,119,35,25,0.18487394957983194,22,0.7714285714285715,0.22857142857142854,8,0.5555555555555556,0.18865698060328934,0,8,30.02777777777778,10.480452674897117,6.570987654320987,0.5986367438926854,0.8957895680521848,CP,0.3865546218487395,0.3865546218487395,0.7738095238095238
CAL_S56,CAL,band,0.1,entropy,0.775,reserved,ALL,4733,2340,779,0.2098035072892457,993,0.5820512820512821,0.4179487179487179,978,0.4290718038528897,0.4614640530477644,408,1386,33.269118261596326,11.53907229419139,7.193063100710406,,,,0.3836889921825481,0.2245932812169871,0.9544504805683243
CAL_S56,CAL,band,0.1,entropy,0.775,reserved,<40,978,279,104,0.4171779141104294,408,0.7347670250896058,0.2652329749103942,74,0.013333333333333334,0.28772983423141785,143,217,40.322265256987336,13.84262535329216,8.546697372553124,,,,0.418200408997955,0.065439672801636,0.9971387696709585
CAL_S56,CAL,band,0.1,entropy,0.775,reserved,40-59,1525,598,174,0.2636065573770492,402,0.6488294314381271,0.3511705685618729,210,0.36936936936936937,0.41553134708394046,170,380,25.03132819537584,8.848615605897157,5.612073088001423,,,,0.3501639344262295,0.1560655737704918,0.9784250269687162
CAL_S56,CAL,band,0.1,entropy,0.775,reserved,60+,2111,1428,479,0.0847939365229749,179,0.5294117647058824,0.47058823529411764,672,0.4716981132075472,0.42738190316231994,93,765,28.379209370424597,9.942031343202645,6.254595737758257,,,,0.40549502605400284,0.3538607295120796,0.87701317715959
CAL_S56,CAL,band,0.1,entropy,0.775,reserved,unknown,119,35,25,0.03361344537815126,4,0.37142857142857144,0.6285714285714286,22,0.3333333333333333,0.24854669140383429,2,24,13.692307692307692,5.145299145299145,3.4358974358974357,,,,0.14285714285714285,0.11764705882352941,0.9642857142857143
LAM_S56,LAM,band,0.1,entropy,0.85,reserved,ALL,4733,2340,779,0.23874920769068245,1130,0.6876068376068376,0.3123931623931624,731,0.5361675126903553,0.45922278469024375,253,984,40.288503837456304,13.831598896408286,8.540217908198684,,,,0.47792098035072894,0.37080076061694484,0.8332636857501045
LAM_S56,LAM,band,0.1,entropy,0.85,reserved,<40,978,279,104,0.4539877300613497,444,0.7634408602150538,0.23655913978494625,66,0.15384615384615385,0.459281340994896,99,165,46.080517439400346,15.723266638457355,9.651816478268755,,,,0.4662576687116564,0.14519427402862986,0.9599427753934192
LAM_S56,LAM,band,0.1,entropy,0.85,reserved,40-59,1525,598,174,0.020327868852459016,31,0.705685618729097,0.29431438127090304,176,0.6939130434782609,0.4303833267565496,0,176,36.41278240463811,12.565790886363287,7.796392582708323,,,,0.4301639344262295,0.4301639344262295,0.7475728155339806
LAM_S56,LAM,band,0.1,entropy,0.85,reserved,60+,2111,1428,479,0.3083846518237802,651,0.6631652661064426,0.33683473389355745,481,0.45955056179775283,0.4442277587624927,154,635,35.31566123119785,12.207471849919836,7.585833973664234,,,,0.5229748934154429,0.4315490288962577,0.8272327964860908
LAM_S56,LAM,band,0.1,entropy,0.85,reserved,unknown,119,35,25,0.03361344537815126,4,0.7714285714285715,0.22857142857142854,8,0.7575757575757576,0.21139806036831207,0,8,30.02777777777778,10.480452674897117,6.570987654320987,,,,0.3865546218487395,0.3865546218487395,0.7738095238095238
S56,S56,band,0.15,msp,0.81,reserved,ALL,4733,2340,779,0.30171138812592435,1428,0.6333333333333333,0.3666666666666667,858,0.38317757009345793,0.4525291685793095,565,1423,34.83684870345525,12.051092000791783,7.493940660259089,0.5981998371095417,0.6661231905428854,boot,0.4225649693640397,0.21529685189097825,0.9573756790639365
S56,S56,band,0.15,msp,0.81,reserved,<40,978,279,104,0.40286298568507156,394,0.7311827956989247,0.26881720430107525,75,0.18478260869565216,0.48288489501541326,109,184,41.096124715980814,14.09536733148195,8.695215854582175,0.6132717993951613,0.8265012847257556,boot,0.42024539877300615,0.11042944785276074,0.9814020028612304
S56,S56,band,0.15,msp,0.81,reserved,40-59,1525,598,174,0.28065573770491803,428,0.6555183946488294,0.34448160535117056,206,0.3542319749216301,0.42795146561424274,171,377,25.92654051912027,9.140991347995508,5.783881513770557,0.580023182199882,0.728725658131987,boot,0.35737704918032787,0.1580327868852459,0.9784250269687162
S56,S56,band,0.15,msp,0.81,reserved,60+,2111,1428,479,0.27711984841307435,585,0.6043417366946778,0.39565826330532217,565,0.4114583333333333,0.41977254201034253,273,838,37.456543536201984,12.906682569062601,7.996710375634725,0.5658738670451247,0.6449867926353074,boot,0.4808147797252487,0.31075319753671243,0.9033674963396778
S56,S56,band,0.15,msp,0.81,reserved,unknown,119,35,25,0.17647058823529413,21,0.6571428571428571,0.34285714285714286,12,0.4,0.2951322751322752,12,24,11.76086956521739,4.514492753623188,3.0652173913043477,0.47789001660647873,0.8086758978117342,CP,0.24369747899159663,0.11764705882352941,0.9642857142857143
COMB,COMB,band,0.15,entropy,0.875,reserved,ALL,4733,2340,779,0.31523346714557365,1492,0.7333333333333333,0.2666666666666667,624,0.5384615384615384,0.49544643635541047,305,929,42.80317592979524,14.652889108384302,9.022831744102117,0.701918214362412,0.7632287522153183,boot,0.5191210648637228,0.3807310373969998,0.8366067697450899
COMB,COMB,band,0.15,entropy,0.875,reserved,<40,978,279,104,0.5337423312883436,522,0.7992831541218638,0.2007168458781362,56,0.0,0.2761457109283196,150,206,53.98202428838121,18.303893454454474,11.168267287669122,0.6984701280676298,0.8791365280289329,boot,0.5337423312883436,0.0787321063394683,0.994277539341917
COMB,COMB,band,0.15,entropy,0.875,reserved,40-59,1525,598,174,0.13114754098360656,200,0.6923076923076923,0.3076923076923077,184,0.5938189845474614,0.427095383707258,0,184,35.400215749730314,12.235087298733468,7.6020616085341,0.6182025336150874,0.7618151492291008,boot,0.41770491803278686,0.41770491803278686,0.7594390507011866
COMB,COMB,band,0.15,entropy,0.875,reserved,60+,2111,1428,479,0.3567029843675983,753,0.7366946778711485,0.2633053221288515,376,0.5425790754257908,0.49533017418750214,155,531,40.351107003880216,13.852045048405323,8.552232657310347,0.6995753027643983,0.7716610474745795,boot,0.5930838465182378,0.4936049265750829,0.787701317715959
COMB,COMB,band,0.15,entropy,0.875,reserved,unknown,119,35,25,0.14285714285714285,17,0.7714285714285715,0.22857142857142854,8,0.6190476190476191,0.1956316070914401,0,8,30.02777777777778,10.480452674897117,6.570987654320987,0.5986367438926854,0.8957895680521848,CP,0.3865546218487395,0.3865546218487395,0.7738095238095238
COMB_global,COMB,global,0.15,entropy,,reserved,ALL,4733,2340,779,0.3619268962603,1713,0.7427350427350428,0.25726495726495724,602,0.43790849673202614,0.5059287839079553,327,929,32.97204927875079,11.442049764440492,7.136049861578433,0.7100549596271152,0.7737198639963392,boot,0.4884851045848299,0.3807310373969998,0.8366067697450899
COMB_global,COMB,global,0.15,entropy,,reserved,<40,978,279,104,0.11042944785276074,108,0.3978494623655914,0.6021505376344086,168,0.1724137931034483,0.43742412870523023,38,206,13.103700266790394,4.9530603564938325,3.3229323744345205,0.2635607136516954,0.5243389423076922,boot,0.14826175869120656,0.0787321063394683,0.994277539341917
COMB_global,COMB,global,0.15,entropy,,reserved,40-59,1525,598,174,0.24459016393442623,373,0.697324414715719,0.30267558528428096,181,0.4783861671469741,0.4204318510908007,3,184,35.15273218318549,12.15425933255553,7.554564762429538,0.6240848914563621,0.765543227599482,boot,0.419672131147541,0.41770491803278686,0.7594390507011866
COMB_global,COMB,global,0.15,entropy,,reserved,60+,2111,1428,479,0.5708195168166745,1205,0.8284313725490197,0.17156862745098034,245,0.5158102766798419,0.542082545449574,286,531,53.14038309927487,18.02901400885408,11.006740190769925,0.7965262441107185,0.8577599938712736,boot,0.7015632401705353,0.4936049265750829,0.787701317715959
COMB_global,COMB,global,0.15,entropy,,reserved,unknown,119,35,25,0.226890756302521,27,0.7714285714285715,0.22857142857142854,8,0.4666666666666667,0.17885166272263048,0,8,30.02777777777778,10.480452674897117,6.570987654320987,0.5986367438926854,0.8957895680521848,CP,0.3865546218487395,0.3865546218487395,0.7738095238095238
CAL_S56,CAL,band,0.15,entropy,0.82,reserved,ALL,4733,2340,779,0.31734629199239384,1502,0.6747863247863248,0.32521367521367517,761,0.435459940652819,0.4872820748593262,625,1386,35.94629020096878,12.413434846781051,7.7068637759435035,,,,0.45404605958166067,0.2245932812169871,0.9544504805683243
CAL_S56,CAL,band,0.15,entropy,0.82,reserved,<40,978,279,104,0.44683026584867075,437,0.7455197132616488,0.2544802867383512,71,0.0,0.2753375977256574,146,217,44.504518818091775,15.208546550016507,9.349352096401452,,,,0.44683026584867075,0.065439672801636,0.9971387696709585
CAL_S56,CAL,band,0.15,entropy,0.82,reserved,40-59,1525,598,174,0.28918032786885245,441,0.6688963210702341,0.3311036789297659,198,0.37142857142857144,0.4215864246568953,182,380,27.18427184466019,9.551765551959726,6.025264293419633,,,,0.36983606557377047,0.1560655737704918,0.9784250269687162
CAL_S56,CAL,band,0.15,entropy,0.82,reserved,60+,2111,1428,479,0.28943628612032213,611,0.6659663865546218,0.3340336134453782,477,0.4914712153518124,0.46686477076545346,288,765,38.6537543127139,13.29769080246885,8.226478100419842,,,,0.532449076267172,0.3538607295120796,0.87701317715959
CAL_S56,CAL,band,0.15,entropy,0.82,reserved,unknown,119,35,25,0.1092436974789916,13,0.5714285714285714,0.4285714285714286,15,0.375,0.2770817417876241,9,24,9.25,3.694444444444444,2.583333333333333,,,,0.20168067226890757,0.11764705882352941,0.9642857142857143
LAM_S56,LAM,band,0.15,entropy,0.875,reserved,ALL,4733,2340,779,0.3319247834354532,1571,0.7350427350427351,0.2649572649572649,620,0.5110410094637224,0.4784116815332598,364,984,42.14312578353531,14.437317175094025,8.896155453405767,,,,0.5178533699556307,0.37080076061694484,0.8332636857501045
LAM_S56,LAM,band,0.15,entropy,0.875,reserved,<40,978,279,104,0.48057259713701433,470,0.7921146953405018,0.20788530465949817,58,0.15942028985507245,0.446145699659174,107,165,47.4882605402676,16.18303458722545,9.921989396617015,,,,0.4918200408997955,0.14519427402862986,0.9599427753934192
LAM_S56,LAM,band,0.15,entropy,0.875,reserved,40-59,1525,598,174,0.08196721311475409,125,0.705685618729097,0.29431438127090304,176,0.6535433070866141,0.442995806020886,0,176,36.41278240463811,12.565790886363287,7.796392582708323,,,,0.4301639344262295,0.4301639344262295,0.7475728155339806
LAM_S56,LAM,band,0.15,entropy,0.875,reserved,60+,2111,1428,479,0.45902415916627193,969,0.7352941176470589,0.2647058823529411,378,0.4281391830559758,0.4723553822477629,257,635,43.97440702781845,15.035412396290873,9.24761346998536,,,,0.600663192799621,0.4315490288962577,0.8272327964860908
LAM_S56,LAM,band,0.15,entropy,0.875,reserved,unknown,119,35,25,0.058823529411764705,7,0.7714285714285715,0.22857142857142854,8,0.7333333333333333,0.20958646616541352,0,8,30.02777777777778,10.480452674897117,6.570987654320987,,,,0.3865546218487395,0.3865546218487395,0.7738095238095238
S56,S56,band,0.2,msp,0.855,reserved,ALL,4733,2340,779,0.3858018170293683,1826,0.6927350427350427,0.3072649572649573,719,0.3676341248900616,0.4645527240724504,704,1423,39.69905360921854,13.639084848802014,8.427091096718708,0.6599499128001542,0.7239400913926471,boot,0.4793999577435031,0.21529685189097825,0.9573756790639365
S56,S56,band,0.2,msp,0.855,reserved,<40,978,279,104,0.4539877300613497,444,0.7634408602150538,0.23655913978494625,66,0.15384615384615385,0.459281340994896,118,184,46.080517439400346,15.723266638457355,9.651816478268755,0.6553672578698116,0.8525933935490912,boot,0.4662576687116564,0.11042944785276074,0.9814020028612304
S56,S56,band,0.2,msp,0.855,reserved,40-59,1525,598,174,0.35672131147540986,544,0.7040133779264214,0.2959866220735786,177,0.3192307692307692,0.4426555894672551,200,377,32.55279846874063,11.305122732214953,7.0555875849098175,0.6312993159839609,0.7709050480138532,boot,0.4124590163934426,0.1580327868852459,0.9784250269687162
S56,S56,band,0.2,msp,0.855,reserved,60+,2111,1428,479,0.3851255329227854,813,0.6743697478991597,0.3256302521008403,465,0.4053708439897698,0.4351461688009931,373,838,41.83852164037164,14.337833667057405,8.837696072394559,0.6383707489449287,0.7129931018050374,boot,0.5461866414021791,0.31075319753671243,0.9033674963396778
S56,S56,band,0.2,msp,0.855,reserved,unknown,119,35,25,0.21008403361344538,25,0.6857142857142857,0.3142857142857143,11,0.35294117647058826,0.35758651286601595,13,24,13.03125,4.929398148148148,3.3090277777777772,0.5071199996848251,0.8314828492529975,CP,0.2605042016806723,0.11764705882352941,0.9642857142857143
COMB,COMB,band,0.2,entropy,0.89,reserved,ALL,4733,2340,779,0.372068455525037,1761,0.7568376068376068,0.2431623931623932,569,0.5285832642916322,0.500526845530997,360,929,46.369906533808496,15.817780921816242,9.70735579941779,0.7263811291137894,0.786098277913168,boot,0.5495457426579337,0.3807310373969998,0.8366067697450899
COMB,COMB,band,0.2,entropy,0.89,reserved,<40,978,279,104,0.6083844580777096,595,0.8458781362007168,0.15412186379928317,43,0.0,0.13412698412698412,163,206,61.109714846875676,20.63179239106714,12.536207899905433,0.7669286495352652,0.9093834635363072,boot,0.6083844580777096,0.0787321063394683,0.994277539341917
COMB,COMB,band,0.2,entropy,0.89,reserved,40-59,1525,598,174,0.16065573770491803,245,0.6923076923076923,0.3076923076923077,184,0.5670588235294117,0.4230659646335756,0,184,35.400215749730314,12.235087298733468,7.6020616085341,0.6182025336150874,0.7618151492291008,boot,0.41770491803278686,0.41770491803278686,0.7594390507011866
COMB,COMB,band,0.2,entropy,0.89,reserved,60+,2111,1428,479,0.4268119374703932,901,0.7661064425770309,0.23389355742296913,334,0.536754507628294,0.51678384465787,197,531,44.327223428202814,15.150641995069606,9.315325708442964,0.7289134116537324,0.8006619812493245,boot,0.6267171956418759,0.4936049265750829,0.787701317715959
COMB,COMB,band,0.2,entropy,0.89,reserved,unknown,119,35,25,0.16806722689075632,20,0.7714285714285715,0.22857142857142854,8,0.5555555555555556,0.18538315988647117,0,8,30.02777777777778,10.480452674897117,6.570987654320987,0.5986367438926854,0.8957895680521848,CP,0.3865546218487395,0.3865546218487395,0.7738095238095238
COMB_global,COMB,global,0.2,entropy,,reserved,ALL,4733,2340,779,0.4204521445172195,1990,0.7649572649572649,0.2350427350427351,550,0.40021810250817885,0.5097104196531931,379,929,35.937179436298145,12.410459277174812,7.7051152453501475,0.732092846158396,0.7951624094522369,boot,0.5146841326854004,0.3807310373969998,0.8366067697450899
COMB_global,COMB,global,0.2,entropy,,reserved,<40,978,279,104,0.13803680981595093,135,0.4157706093189964,0.5842293906810037,163,0.13756613756613756,0.39345846174148624,43,206,17.01039662572147,6.228984756548765,4.072702382714223,0.28186346476510066,0.5413693215339231,boot,0.16666666666666666,0.0787321063394683,0.994277539341917
COMB_global,COMB,global,0.2,entropy,,reserved,40-59,1525,598,174,0.30754098360655735,469,0.7040133779264214,0.2959866220735786,177,0.4080267558528428,0.43005013500327544,7,184,35.89011369139589,12.395087636583842,7.696082425621434,0.6332669656938961,0.7713388543823326,boot,0.42688524590163934,0.41770491803278686,0.7594390507011866
COMB_global,COMB,global,0.2,entropy,,reserved,60+,2111,1428,479,0.6385599242065372,1348,0.8578431372549019,0.1421568627450981,203,0.5143540669856459,0.5490264774309932,328,531,59.97012340514537,20.259602593599663,12.317498431290526,0.8281610798450606,0.88456658051894,boot,0.7456181904310754,0.4936049265750829,0.787701317715959
COMB_global,COMB,global,0.2,entropy,,reserved,unknown,119,35,25,0.31932773109243695,38,0.8,0.19999999999999996,7,0.36363636363636365,0.1868287740628166,1,8,30.464285714285715,10.623015873015872,6.654761904761904,0.6306211554775547,0.9155939838394355,CP,0.40336134453781514,0.3865546218487395,0.7738095238095238
CAL_S56,CAL,band,0.2,entropy,0.845,reserved,ALL,4733,2340,779,0.3986900485949715,1887,0.7354700854700855,0.2645299145299145,619,0.42738205365402404,0.5060688729611544,767,1386,38.406676892437346,13.216995483388626,8.179059201578882,,,,0.5041200084512993,0.2245932812169871,0.9544504805683243
CAL_S56,CAL,band,0.2,entropy,0.845,reserved,<40,978,279,104,0.4652351738241309,455,0.7562724014336918,0.2437275985663082,68,0.0,0.27542621987066435,149,217,46.69509590545734,15.923987551614019,9.76976588084535,,,,0.4652351738241309,0.065439672801636,0.9971387696709585
CAL_S56,CAL,band,0.2,entropy,0.845,reserved,40-59,1525,598,174,0.3160655737704918,482,0.6806020066889632,0.3193979933110368,191,0.35034013605442177,0.4259877338385132,189,380,29.872212017843086,10.429645002460536,6.541131599384027,,,,0.38754098360655737,0.1560655737704918,0.9784250269687162
CAL_S56,CAL,band,0.2,entropy,0.845,reserved,60+,2111,1428,479,0.44007579346281384,929,0.7570028011204482,0.24299719887955185,347,0.5049928673323824,0.5027843924570113,418,765,45.23122671242803,15.445888858941142,9.488821288243765,,,,0.6215063950734249,0.3538607295120796,0.87701317715959
CAL_S56,CAL,band,0.2,entropy,0.845,reserved,unknown,119,35,25,0.17647058823529413,21,0.6285714285714286,0.37142857142857144,13,0.2777777777777778,0.2872200263504611,11,24,12.25,4.674242424242423,3.159090909090909,,,,0.23529411764705882,0.11764705882352941,0.9642857142857143
LAM_S56,LAM,band,0.2,entropy,0.89,reserved,ALL,4733,2340,779,0.4052398056201141,1918,0.7611111111111111,0.23888888888888893,559,0.4583333333333333,0.48199605602599066,425,984,43.77787098013977,14.971223855466521,9.209894430531875,,,,0.542573420663427,0.37080076061694484,0.8332636857501045
LAM_S56,LAM,band,0.2,entropy,0.89,reserved,<40,978,279,104,0.5122699386503068,501,0.8136200716845878,0.18637992831541217,52,0.13333333333333333,0.409438368648895,113,165,50.08914560133103,17.032481896731014,10.421149155811007,,,,0.5204498977505112,0.14519427402862986,0.9599427753934192
LAM_S56,LAM,band,0.2,entropy,0.89,reserved,40-59,1525,598,174,0.179672131147541,274,0.705685618729097,0.29431438127090304,176,0.5654320987654321,0.43430829454589437,0,176,36.41278240463811,12.565790886363287,7.796392582708323,,,,0.4301639344262295,0.4301639344262295,0.7475728155339806
LAM_S56,LAM,band,0.2,entropy,0.89,reserved,60+,2111,1428,479,0.5329227854097585,1125,0.7738095238095238,0.22619047619047616,323,0.40950639853747717,0.49186033689163383,312,635,48.204234711116115,16.416871269287082,10.059398580921275,,,,0.6428233064898152,0.4315490288962577,0.8272327964860908
LAM_S56,LAM,band,0.2,entropy,0.89,reserved,unknown,119,35,25,0.15126050420168066,18,0.7714285714285715,0.22857142857142854,8,0.6,0.19252601702932828,0,8,30.02777777777778,10.480452674897117,6.570987654320987,,,,0.3865546218487395,0.3865546218487395,0.7738095238095238
S56,S56,band,0.25,msp,0.88,reserved,ALL,4733,2340,779,0.4498204098880203,2129,0.7341880341880341,0.26581196581196587,622,0.35477178423236516,0.48348559517193523,801,1423,44.33227929540321,15.15229323789263,9.316296026390516,0.7031207997311828,0.7634339928102405,boot,0.5254595394041834,0.21529685189097825,0.9573756790639365
S56,S56,band,0.25,msp,0.88,reserved,<40,978,279,104,0.5122699386503068,501,0.8100358422939068,0.1899641577060932,53,0.13114754098360656,0.40710137117537876,131,184,50.481199437882175,17.160526415739298,10.496391811310723,0.7147756108407891,0.8866731448763251,boot,0.5204498977505112,0.11042944785276074,0.9814020028612304
S56,S56,band,0.25,msp,0.88,reserved,40-59,1525,598,174,0.3947540983606557,602,0.7207357859531772,0.2792642140468228,167,0.29831932773109243,0.4574550988189016,210,377,37.155069492938075,12.80822134954543,7.938851720866904,0.6497292627233364,0.7870582301493166,boot,0.4426229508196721,0.1580327868852459,0.9784250269687162
S56,S56,band,0.25,msp,0.88,reserved,60+,2111,1428,479,0.4699194694457603,992,0.7247899159663865,0.27521008403361347,393,0.39631336405529954,0.45769773288088794,445,838,46.79708447386848,15.957296949377922,9.78933944447981,0.6888751868460389,0.7602577622587698,boot,0.5987683562292753,0.31075319753671243,0.9033674963396778
S56,S56,band,0.25,msp,0.88,reserved,unknown,119,35,25,0.2857142857142857,34,0.7428571428571429,0.2571428571428571,9,0.35714285714285715,0.21826180136484125,15,24,21.625,7.73611111111111,4.958333333333333,0.5674411503059621,0.875106028083238,CP,0.3277310924369748,0.11764705882352941,0.9642857142857143
COMB,COMB,band,0.25,entropy,0.89,reserved,ALL,4733,2340,779,0.4510881047961124,2135,0.7918803418803418,0.20811965811965816,487,0.4879074658254469,0.5132349589455851,442,929,47.28781237955911,16.117568352919974,9.883519547592153,0.763274288145906,0.8197562399772969,boot,0.5787027255440524,0.3807310373969998,0.8366067697450899
COMB,COMB,band,0.25,entropy,0.89,reserved,<40,978,279,104,0.6083844580777096,595,0.8458781362007168,0.15412186379928317,43,0.0,0.13412698412698412,163,206,61.109714846875676,20.63179239106714,12.536207899905433,0.7669286495352652,0.9093834635363072,boot,0.6083844580777096,0.0787321063394683,0.994277539341917
COMB,COMB,band,0.25,entropy,0.89,reserved,40-59,1525,598,174,0.22688524590163933,346,0.6923076923076923,0.3076923076923077,184,0.4945054945054945,0.41495814283850774,0,184,35.400215749730314,12.235087298733468,7.6020616085341,0.6182025336150874,0.7618151492291008,boot,0.41770491803278686,0.41770491803278686,0.7594390507011866
COMB,COMB,band,0.25,entropy,0.89,reserved,60+,2111,1428,479,0.5537659876835623,1169,0.8235294117647058,0.17647058823529416,252,0.5218216318785579,0.547324540626135,279,531,51.16262288224221,17.383078853796277,10.627170048107091,0.7914880787717418,0.852741425165077,boot,0.6920890573188062,0.4936049265750829,0.787701317715959
COMB,COMB,band,0.25,entropy,0.89,reserved,unknown,119,35,25,0.21008403361344538,25,0.7714285714285715,0.22857142857142854,8,0.5294117647058824,0.18885824600110315,0,8,30.02777777777778,10.480452674897117,6.570987654320987,0.5986367438926854,0.8957895680521848,CP,0.3865546218487395,0.3865546218487395,0.7738095238095238
COMB_global,COMB,global,0.25,entropy,,reserved,ALL,4733,2340,779,0.489330234523558,2316,0.7991452991452992,0.2008547008547008,470,0.36054421768707484,0.5096331682257718,459,929,39.77471055283794,13.66379435564067,8.44161111620122,0.7701161122471922,0.8278092106633524,boot,0.55334882738221,0.3807310373969998,0.8366067697450899
COMB_global,COMB,global,0.25,entropy,,reserved,<40,978,279,104,0.1738241308793456,170,0.4659498207885305,0.5340501792114696,149,0.1286549707602339,0.3785576658112353,57,206,20.453549026081213,7.353516011885111,4.733509409045889,0.3367670851338344,0.5887580877066858,boot,0.1983640081799591,0.0787321063394683,0.994277539341917
COMB_global,COMB,global,0.25,entropy,,reserved,40-59,1525,598,174,0.3836065573770492,585,0.7290969899665551,0.27090301003344486,162,0.33877551020408164,0.44478794268979926,22,184,39.66999198361094,13.62959334144869,8.42151361301624,0.6590770509977827,0.793981308846835,boot,0.45901639344262296,0.41770491803278686,0.7594390507011866
COMB_global,COMB,global,0.25,entropy,,reserved,60+,2111,1428,479,0.7167219327333018,1513,0.8928571428571429,0.1071428571428571,153,0.5096153846153846,0.546940281589096,378,531,65.93704245973646,22.208394338701805,13.462664714494878,0.8666572836030965,0.9158462444504848,boot,0.793462813832307,0.4936049265750829,0.787701317715959
COMB_global,COMB,global,0.25,entropy,,reserved,unknown,119,35,25,0.40336134453781514,48,0.8285714285714286,0.17142857142857137,6,0.14285714285714285,0.1670843776106934,2,8,30.870689655172413,10.75574712643678,6.732758620689655,0.6635016999818029,0.9343781988437493,CP,0.42016806722689076,0.3865546218487395,0.7738095238095238
CAL_S56,CAL,band,0.25,entropy,0.875,reserved,ALL,4733,2340,779,0.45151066976547644,2137,0.7658119658119659,0.23418803418803413,548,0.42916666666666664,0.5216887203276165,838,1386,43.51528360247149,14.88546299474658,9.159498873201601,,,,0.5448975279949292,0.2245932812169871,0.9544504805683243
CAL_S56,CAL,band,0.25,entropy,0.875,reserved,<40,978,279,104,0.5337423312883436,522,0.7992831541218638,0.2007168458781362,56,0.0,0.2761457109283196,161,217,53.98202428838121,18.303893454454474,11.168267287669122,,,,0.5337423312883436,0.065439672801636,0.9971387696709585
CAL_S56,CAL,band,0.25,entropy,0.875,reserved,40-59,1525,598,174,0.3777049180327869,576,0.7140468227424749,0.2859531772575251,171,0.316,0.44477576742349073,209,380,35.69898365203156,12.332664694434547,7.659400902915148,,,,0.4321311475409836,0.1560655737704918,0.9784250269687162
CAL_S56,CAL,band,0.25,entropy,0.875,reserved,60+,2111,1428,479,0.4808147797252487,1015,0.7836134453781513,0.21638655462184875,309,0.5149136577708007,0.5206909987064524,456,765,46.87375519608728,15.982337555624465,9.804054027531903,,,,0.6475603979156798,0.3538607295120796,0.87701317715959
CAL_S56,CAL,band,0.25,entropy,0.875,reserved,unknown,119,35,25,0.20168067226890757,24,0.6571428571428571,0.34285714285714286,12,0.29411764705882354,0.1954465287798621,12,24,15.347826086956522,5.685990338164251,3.753623188405797,,,,0.2605042016806723,0.11764705882352941,0.9642857142857143
LAM_S56,LAM,band,0.25,entropy,0.89,reserved,ALL,4733,2340,779,0.4728502007183604,2238,0.7769230769230769,0.22307692307692306,522,0.38004750593824227,0.49025791626273035,462,984,44.23848849573633,15.121661225880214,9.298295771908991,,,,0.5556729347137123,0.37080076061694484,0.8332636857501045
LAM_S56,LAM,band,0.25,entropy,0.89,reserved,<40,978,279,104,0.5122699386503068,501,0.8136200716845878,0.18637992831541217,52,0.13333333333333333,0.409438368648895,113,165,50.08914560133103,17.032481896731014,10.421149155811007,,,,0.5204498977505112,0.14519427402862986,0.9599427753934192
LAM_S56,LAM,band,0.25,entropy,0.89,reserved,40-59,1525,598,174,0.3318032786885246,506,0.7190635451505016,0.28093645484949836,168,0.3890909090909091,0.43822781839772273,8,176,36.79358771731768,12.69016164504988,7.869476430596323,,,,0.44,0.4301639344262295,0.7475728155339806
LAM_S56,LAM,band,0.25,entropy,0.89,reserved,60+,2111,1428,479,0.5656087162482236,1194,0.7934173669467787,0.20658263305322133,295,0.40404040404040403,0.4945158014026381,340,635,50.14338512274517,17.05019648789994,10.431558760930892,,,,0.6641402179062056,0.4315490288962577,0.8272327964860908
LAM_S56,LAM,band,0.25,entropy,0.89,reserved,unknown,119,35,25,0.31092436974789917,37,0.8,0.19999999999999996,7,0.4166666666666667,0.1946209818550244,1,8,30.464285714285715,10.623015873015872,6.654761904761904,,,,0.40336134453781514,0.3865546218487395,0.7738095238095238
S56,S56,band,0.3,msp,0.905,reserved,ALL,4733,2340,779,0.5237692795267272,2479,0.7901709401709401,0.20982905982905986,491,0.34966887417218545,0.5158266961031539,932,1423,48.173297274794415,16.4067671234177,10.05346109314236,0.7610585918072517,0.8167753094759251,boot,0.5810268328755546,0.21529685189097825,0.9573756790639365
S56,S56,band,0.3,msp,0.905,reserved,<40,978,279,104,0.5378323108384458,526,0.8315412186379928,0.1684587813620072,47,0.12962962962962962,0.41096452918084797,137,184,52.267333875980455,17.743876720438063,10.839185289329583,0.7456520649558942,0.9006421232876712,boot,0.5449897750511248,0.11042944785276074,0.9814020028612304
S56,S56,band,0.3,msp,0.905,reserved,40-59,1525,598,174,0.4819672131147541,735,0.7759197324414716,0.2240802675585284,134,0.25139664804469275,0.5029680932323922,243,377,44.63127720120522,15.249945752582176,9.373679462857568,0.7090121296269513,0.8360451611565201,boot,0.5121311475409837,0.1580327868852459,0.9784250269687162
S56,S56,band,0.3,msp,0.905,reserved,60+,2111,1428,479,0.5580293699668404,1178,0.7878151260504201,0.21218487394957986,303,0.4070450097847358,0.4808638188055986,535,838,50.124872620790626,17.044150317227913,10.428005856515375,0.7543363702750967,0.8186316768086545,boot,0.659403126480341,0.31075319753671243,0.9033674963396778
S56,S56,band,0.3,msp,0.905,reserved,unknown,119,35,25,0.33613445378151263,40,0.8,0.19999999999999996,7,0.36363636363636365,0.21644150617993674,17,24,24.571428571428573,8.698412698412698,5.523809523809524,0.6306211554775547,0.9155939838394355,CP,0.3697478991596639,0.11764705882352941,0.9642857142857143
COMB,COMB,band,0.3,entropy,0.9,reserved,ALL,4733,2340,779,0.5032748785125714,2382,0.7952991452991452,0.20470085470085475,479,0.447520184544406,0.5315588697519014,450,929,50.626123839166404,17.207858627606534,10.524205585294562,0.7664633526680321,0.8215664955199838,boot,0.5947601943798859,0.3807310373969998,0.8366067697450899
COMB,COMB,band,0.3,entropy,0.9,reserved,<40,978,279,104,0.6298568507157464,616,0.8566308243727598,0.14336917562724016,40,0.0,0.1342563457100902,166,206,63.33122631853035,21.35733654174224,12.962558586384612,0.7813704071499504,0.9176886148525665,boot,0.6298568507157464,0.0787321063394683,0.994277539341917
COMB,COMB,band,0.3,entropy,0.9,reserved,40-59,1525,598,174,0.4367213114754098,666,0.7491638795986622,0.25083612040133785,150,0.29906542056074764,0.45736901167612387,34,184,42.48313973647712,14.548365503159191,8.961410656495607,0.680625797959204,0.8110239512285045,boot,0.4845901639344262,0.41770491803278686,0.7594390507011866
COMB,COMB,band,0.3,entropy,0.9,reserved,60+,2111,1428,479,0.5097110374230223,1076,0.8032212885154062,0.1967787114845938,281,0.5285234899328859,0.5374755424687016,250,531,49.182634436259335,16.736415960663823,10.247172265544721,0.7711854805673615,0.834677555395934,boot,0.669824727617243,0.4936049265750829,0.787701317715959
COMB,COMB,band,0.3,entropy,0.9,reserved,unknown,119,35,25,0.20168067226890757,24,0.7714285714285715,0.22857142857142854,8,0.5294117647058824,0.18621497816128688,0,8,30.02777777777778,10.480452674897117,6.570987654320987,0.5986367438926854,0.8957895680521848,CP,0.3865546218487395,0.3865546218487395,0.7738095238095238
COMB_global,COMB,global,0.3,entropy,,reserved,ALL,4733,2340,779,0.5628565391929009,2664,0.8414529914529915,0.15854700854700854,371,0.3291139240506329,0.5343188072865652,558,929,44.315022633519085,15.146657223741922,9.31298414178649,0.8151643608937258,0.8674149254922956,boot,0.6021550813437566,0.3807310373969998,0.8366067697450899
COMB_global,COMB,global,0.3,entropy,,reserved,<40,978,279,104,0.21881390593047034,214,0.5304659498207885,0.46953405017921146,131,0.10273972602739725,0.3281814624927562,75,206,22.893457835517918,8.150388586010905,5.201774736109499,0.4066778178075142,0.6445216678158758,boot,0.23517382413087934,0.0787321063394683,0.994277539341917
COMB_global,COMB,global,0.3,entropy,,reserved,40-59,1525,598,174,0.4681967213114754,714,0.7642140468227425,0.23578595317725748,141,0.27319587628865977,0.43586603859002054,43,184,44.60085827792059,15.240010952721537,9.36784148768173,0.6963300164878077,0.8247874149659864,boot,0.5042622950819672,0.41770491803278686,0.7594390507011866
COMB_global,COMB,global,0.3,entropy,,reserved,60+,2111,1428,479,0.7963050686878257,1681,0.9334733893557423,0.06652661064425769,95,0.5432692307692307,0.5686289391218161,436,531,72.7388688314099,24.42986625133589,14.768065735321095,0.9114905412405094,0.9520178704703418,boot,0.8503079109426812,0.4936049265750829,0.787701317715959
COMB_global,COMB,global,0.3,entropy,,reserved,unknown,119,35,25,0.46218487394957986,55,0.8857142857142857,0.11428571428571432,4,0.2,0.18579234972677594,4,8,34.266129032258064,11.86469534050179,7.384408602150537,0.7419354838709677,0.975609756097561,boot,0.47058823529411764,0.3865546218487395,0.7738095238095238
CAL_S56,CAL,band,0.3,entropy,0.895,reserved,ALL,4733,2340,779,0.5020071836044792,2376,0.7893162393162393,0.2106837606837607,493,0.43137254901960786,0.5292148473667416,893,1386,49.63953721726268,16.885640101260872,10.334860678060513,,,,0.5863088949926051,0.2245932812169871,0.9544504805683243
CAL_S56,CAL,band,0.3,entropy,0.895,reserved,<40,978,279,104,0.6298568507157464,616,0.8566308243727598,0.14336917562724016,40,0.0,0.1342563457100902,177,217,63.33122631853035,21.35733654174224,12.962558586384612,,,,0.6298568507157464,0.065439672801636,0.9971387696709585
CAL_S56,CAL,band,0.3,entropy,0.895,reserved,40-59,1525,598,174,0.4314754098360656,658,0.745819397993311,0.254180602006689,152,0.2930232558139535,0.4565919420511716,228,380,40.807653794244416,14.001152922699353,8.639852748390343,,,,0.47475409836065574,0.1560655737704918,0.9784250269687162
CAL_S56,CAL,band,0.3,entropy,0.895,reserved,60+,2111,1428,479,0.5106584557081951,1078,0.7976190476190477,0.20238095238095233,289,0.5142857142857142,0.5341799217757458,476,765,49.15760145101724,16.728240204540985,10.242367955245735,,,,0.6650876361913785,0.3538607295120796,0.87701317715959
CAL_S56,CAL,band,0.3,entropy,0.895,reserved,unknown,119,35,25,0.20168067226890757,24,0.6571428571428571,0.34285714285714286,12,0.29411764705882354,0.1954465287798621,12,24,15.347826086956522,5.685990338164251,3.753623188405797,,,,0.2605042016806723,0.11764705882352941,0.9642857142857143
LAM_S56,LAM,band,0.3,entropy,0.905,reserved,ALL,4733,2340,779,0.5372913585463766,2543,0.8072649572649573,0.19273504273504272,451,0.3463768115942029,0.5239185940502133,533,984,47.99435909880968,16.348326035638177,10.019119423003877,,,,0.5928586520177477,0.37080076061694484,0.8332636857501045
LAM_S56,LAM,band,0.3,entropy,0.905,reserved,<40,978,279,104,0.532719836400818,521,0.8315412186379928,0.1684587813620072,47,0.12962962962962962,0.41106326828251966,118,165,51.41571703418676,17.4657392333876,10.675743673227764,,,,0.5398773006134969,0.14519427402862986,0.9599427753934192
LAM_S56,LAM,band,0.3,entropy,0.905,reserved,40-59,1525,598,174,0.4544262295081967,693,0.7675585284280937,0.2324414715719063,139,0.28350515463917525,0.5095737822727161,37,176,42.880364659348096,14.678098895477323,9.03764574270317,,,,0.49836065573770494,0.4301639344262295,0.7475728155339806
LAM_S56,LAM,band,0.3,entropy,0.905,reserved,60+,2111,1428,479,0.6106110847939366,1289,0.819327731092437,0.18067226890756305,258,0.4027777777777778,0.5053912372054012,377,635,53.89663250366032,18.276004555067512,11.151878965348951,,,,0.6958787304594979,0.4315490288962577,0.8272327964860908
LAM_S56,LAM,band,0.3,entropy,0.905,reserved,unknown,119,35,25,0.33613445378151263,40,0.8,0.19999999999999996,7,0.3,0.17711545049674546,1,8,31.9375,11.104166666666666,6.9375,,,,0.4117647058823529,0.3865546218487395,0.7738095238095238
S56_matched,S56,band,0.305,msp,0.91,reserved,ALL,4733,2340,779,0.5311641664905979,2514,0.7935897435897435,0.20641025641025645,483,0.34993270524899056,0.5184008420054623,940,1423,49.16908767966883,16.731991599083756,10.244572382966744,0.7651578228915974,0.8197152080211628,boot,0.5875765899006973,0.21529685189097825,0.9573756790639365
S56_matched,S56,band,0.305,msp,0.91,reserved,<40,978,279,104,0.5521472392638037,540,0.8422939068100358,0.1577060931899642,44,0.12,0.40869717826239566,140,184,53.294347548169114,18.07929869418318,11.036288923385992,0.7639690690690691,0.9068142035508877,boot,0.558282208588957,0.11042944785276074,0.9814020028612304
S56_matched,S56,band,0.305,msp,0.91,reserved,40-59,1525,598,174,0.4904918032786885,748,0.7792642140468228,0.22073578595317722,132,0.2542372881355932,0.5036340716384199,245,377,45.95153964748531,15.681142578471633,9.627063164668899,0.7126589216424806,0.8387131585054537,boot,0.520655737704918,0.1580327868852459,0.9784250269687162
S56_matched,S56,band,0.305,msp,0.91,reserved,60+,2111,1428,479,0.561819043107532,1186,0.7899159663865546,0.2100840336134454,300,0.40594059405940597,0.48442947523237556,538,838,50.36121927665805,17.12134097587822,10.473365315722251,0.7567950115228944,0.821090673776542,boot,0.6617716721932734,0.31075319753671243,0.9033674963396778
S56_matched,S56,band,0.305,msp,0.91,reserved,unknown,119,35,25,0.33613445378151263,40,0.8,0.19999999999999996,7,0.36363636363636365,0.21644150617993674,17,24,24.571428571428573,8.698412698412698,5.523809523809524,0.6306211554775547,0.9155939838394355,CP,0.3697478991596639,0.11764705882352941,0.9642857142857143
