cohort,band,lambda,expected_cost,escalation_sens,escalation_spec,referral_rate
ham_oof,<40,0.0,0.24715693707354056,0.546875,0.9752988047808765,0.050037907505686124
ham_oof,<40,0.01,0.2486732373009856,0.546875,0.9737051792828685,0.05155420773313116
ham_oof,<40,0.02,0.2486732373009856,0.546875,0.9737051792828685,0.05155420773313116
ham_oof,<40,0.03,0.24260803639120546,0.5625,0.9721115537848606,0.053828658074298714
ham_oof,<40,0.04,0.24336618650492797,0.5625,0.9713147410358566,0.05458680818802123
ham_oof,<40,0.05,0.24336618650492797,0.5625,0.9713147410358566,0.05458680818802123
ham_oof,<40,0.06,0.244882486732373,0.5625,0.9697211155378486,0.056103108415466264
ham_oof,<40,0.07,0.244882486732373,0.5625,0.9697211155378486,0.056103108415466264
ham_oof,<40,0.08,0.2395754359363154,0.578125,0.9689243027888447,0.0576194086429113
ham_oof,<40,0.09,0.24109173616376042,0.578125,0.9673306772908367,0.05913570887035633
ham_oof,<40,0.1,0.24109173616376042,0.578125,0.9673306772908367,0.05913570887035633
ham_oof,<40,0.11,0.24336618650492797,0.578125,0.9649402390438248,0.06141015921152388
ham_oof,<40,0.12,0.24336618650492797,0.578125,0.9649402390438248,0.06141015921152388
ham_oof,<40,0.13,0.2441243366186505,0.578125,0.9641434262948207,0.0621683093252464
ham_oof,<40,0.14,0.23654283548142532,0.59375,0.9641434262948207,0.06292645943896892
ham_oof,<40,0.15,0.23654283548142532,0.59375,0.9641434262948207,0.06292645943896892
ham_oof,<40,0.16,0.23654283548142532,0.59375,0.9641434262948207,0.06292645943896892
ham_oof,<40,0.17,0.23730098559514784,0.59375,0.9633466135458167,0.06368460955269144
ham_oof,<40,0.18,0.23730098559514784,0.59375,0.9633466135458167,0.06368460955269144
ham_oof,<40,0.19,0.23843821076573163,0.59375,0.9617529880478087,0.06520090978013647
ham_oof,<40,0.2,0.23237300985595147,0.609375,0.9601593625498008,0.06747536012130402
ham_oof,<40,0.21,0.23426838514025777,0.609375,0.9577689243027888,0.06974981046247157
ham_oof,<40,0.22,0.2350265352539803,0.609375,0.9569721115537848,0.07050796057619409
ham_oof,<40,0.23,0.2357846853677028,0.609375,0.9561752988047809,0.0712661106899166
ham_oof,<40,0.24,0.22820318423047764,0.625,0.9561752988047809,0.07202426080363912
ham_oof,<40,0.25,0.22896133434420016,0.625,0.9553784860557769,0.07278241091736164
ham_oof,<40,0.26,0.2304776345716452,0.625,0.9537848605577689,0.07429871114480667
ham_oof,<40,0.27,0.2312357846853677,0.625,0.9529880478087649,0.07505686125852919
ham_oof,<40,0.28,0.23275208491281274,0.625,0.951394422310757,0.07657316148597422
ham_oof,<40,0.29,0.23275208491281274,0.625,0.951394422310757,0.07657316148597422
ham_oof,<40,0.3,0.23275208491281274,0.625,0.951394422310757,0.07657316148597422
ham_oof,<40,0.31,0.23351023502653526,0.625,0.950597609561753,0.07733131159969674
ham_oof,<40,0.32,0.23464746019711902,0.625,0.949003984063745,0.07884761182714177
ham_oof,<40,0.33,0.23464746019711902,0.625,0.949003984063745,0.07884761182714177
ham_oof,<40,0.34,0.23692191053828657,0.625,0.9466135458167331,0.08112206216830932
ham_oof,<40,0.35,0.23692191053828657,0.625,0.9466135458167331,0.08112206216830932
ham_oof,<40,0.36,0.24071266110689918,0.625,0.9426294820717132,0.08491281273692192
ham_oof,<40,0.37,0.2414708112206217,0.625,0.9418326693227091,0.08567096285064443
ham_oof,<40,0.38,0.2414708112206217,0.625,0.9418326693227091,0.08567096285064443
ham_oof,<40,0.39,0.2422289613343442,0.625,0.9410358565737051,0.08642911296436695
ham_oof,<40,0.4,0.2422289613343442,0.625,0.9410358565737051,0.08642911296436695
ham_oof,<40,0.41,0.24298711144806673,0.625,0.9402390438247012,0.08718726307808947
ham_oof,<40,0.42,0.23692191053828657,0.640625,0.9386454183266932,0.08946171341925702
ham_oof,<40,0.43,0.23768006065200908,0.640625,0.9378486055776892,0.09021986353297953
ham_oof,<40,0.44,0.23919636087945415,0.640625,0.9362549800796812,0.09173616376042457
ham_oof,<40,0.45,0.24184988627748294,0.640625,0.9330677290836653,0.09476876421531463
ham_oof,<40,0.46,0.2441243366186505,0.640625,0.9306772908366534,0.09704321455648218
ham_oof,<40,0.47,0.24639878695981804,0.640625,0.9282868525896414,0.09931766489764973
ham_oof,<40,0.48,0.2486732373009856,0.640625,0.9258964143426295,0.10159211523881728
ham_oof,<40,0.49,0.24109173616376042,0.65625,0.9258964143426295,0.1023502653525398
ham_oof,<40,0.5,0.24374526156178924,0.65625,0.9227091633466136,0.10538286580742987
ham_oof,<40,0.51,0.24526156178923428,0.65625,0.9211155378486056,0.1068991660348749
ham_oof,<40,0.52,0.2505686125852919,0.65625,0.9147410358565737,0.11296436694465505
ham_oof,<40,0.53,0.2532221379833207,0.65625,0.9115537848605577,0.11599696739954511
ham_oof,<40,0.54,0.25473843821076575,0.65625,0.9099601593625498,0.11751326762699014
ham_oof,<40,0.55,0.2577710386656558,0.65625,0.9067729083665339,0.12054586808188021
ham_oof,<40,0.56,0.25246398786959817,0.671875,0.9043824701195219,0.12357846853677028
ham_oof,<40,0.57,0.2532221379833207,0.671875,0.9035856573705179,0.1243366186504928
ham_oof,<40,0.58,0.25549658832448824,0.671875,0.901195219123506,0.12661106899166036
ham_oof,<40,0.59,0.2573919636087945,0.671875,0.8988047808764941,0.1288855193328279
ham_oof,<40,0.6,0.25435936315390445,0.6875,0.8940239043824701,0.13419257012888552
ham_oof,<40,0.61,0.256633813495072,0.6875,0.8916334661354581,0.13646702047005307
ham_oof,<40,0.62,0.26194086429112967,0.6875,0.8860557768924303,0.1417740712661107
ham_oof,<40,0.63,0.2642153146322972,0.6875,0.8836653386454183,0.14404852160727824
ham_oof,<40,0.64,0.26648976497346477,0.6875,0.8812749003984064,0.1463229719484458
ham_oof,<40,0.65,0.2687642153146323,0.6875,0.8788844621513944,0.14859742228961334
ham_oof,<40,0.66,0.2721758908263836,0.6875,0.8749003984063745,0.15238817285822592
ham_oof,<40,0.67,0.2744503411675512,0.6875,0.8717131474103585,0.155420773313116
ham_oof,<40,0.68,0.27293404094010615,0.703125,0.8653386454183267,0.16224412433661864
ham_oof,<40,0.69,0.27975739196360877,0.703125,0.8581673306772908,0.16906747536012132
ham_oof,<40,0.7,0.28582259287338896,0.703125,0.851792828685259,0.17513267626990145
ham_oof,<40,0.71,0.2934040940106141,0.703125,0.8430278884462151,0.18347232752084913
ham_oof,<40,0.72,0.2941622441243366,0.703125,0.8422310756972111,0.18423047763457165
ham_oof,<40,0.73,0.2971948445792267,0.703125,0.8390438247011952,0.18726307808946172
ham_oof,<40,0.74,0.2941622441243366,0.71875,0.8342629482071713,0.19257012888551933
ham_oof,<40,0.75,0.2926459438968916,0.734375,0.8278884462151395,0.19939347990902198
ham_oof,<40,0.76,0.29833206974981047,0.734375,0.8215139442231075,0.20545868081880211
ham_oof,<40,0.77,0.3078089461713419,0.734375,0.8111553784860558,0.21531463229719486
ham_oof,<40,0.78,0.30856709628506446,0.75,0.802390438247012,0.22441243366186506
ham_oof,<40,0.79,0.30477634571645185,0.765625,0.798406374501992,0.22896133434420016
ham_oof,<40,0.8,0.30932524639878695,0.765625,0.7936254980079681,0.23351023502653526
ham_oof,<40,0.81,0.3009855951478393,0.796875,0.7864541832669323,0.24184988627748294
ham_oof,<40,0.82,0.3017437452615618,0.8125,0.7776892430278884,0.25094768764215314
ham_oof,<40,0.83,0.3115996967399545,0.8125,0.7673306772908367,0.2608036391205459
ham_oof,<40,0.84,0.3199393479909022,0.828125,0.7521912350597609,0.2759666413949962
ham_oof,<40,0.85,0.32221379833206976,0.84375,0.7418326693227092,0.28658074298711145
ham_oof,<40,0.86,0.33434420015163,0.84375,0.7282868525896414,0.29946929492039426
ham_oof,<40,0.87,0.33586050037907506,0.875,0.7123505976095618,0.3161485974222896
ham_oof,<40,0.88,0.3464746019711903,0.875,0.701195219123506,0.32676269901440486
ham_oof,<40,0.89,0.3536770280515542,0.890625,0.6852589641434262,0.34268385140257773
ham_oof,<40,0.9,0.3741470811220622,0.890625,0.6637450199203188,0.36315390447308565
ham_oof,<40,0.91,0.3991660348749052,0.90625,0.6294820717131474,0.39651250947687644
ham_oof,<40,0.92,0.412054586808188,0.921875,0.6071713147410358,0.4184988627748294
ham_oof,<40,0.93,0.43100833965125096,0.9375,0.5792828685258964,0.44579226686884005
ham_oof,<40,0.94,0.47194844579226686,0.9375,0.5362549800796813,0.48673237300985595
ham_oof,<40,0.95,0.5140257771038665,0.953125,0.48366533864541833,0.5375284306292646
ham_oof,<40,0.96,0.5928733889310084,0.953125,0.400796812749004,0.6163760424564063
ham_oof,<40,0.97,0.6937073540561031,0.984375,0.2788844621513944,0.7338893100833965
ham_oof,<40,0.98,0.9075056861258529,1.0,0.046215139442231074,0.956027293404094
ham_oof,<40,0.99,0.9401061410159212,1.0,0.01195219123505976,0.9886277482941622
ham_oof,<40,1.0,0.9514783927217589,1.0,0.0,1.0
ham_oof,<40,1.01,0.9514783927217589,1.0,0.0,1.0
ham_oof,<40,1.02,0.9514783927217589,1.0,0.0,1.0
ham_oof,<40,1.03,0.9514783927217589,1.0,0.0,1.0
ham_oof,<40,1.04,0.9514783927217589,1.0,0.0,1.0
ham_oof,<40,1.05,0.9514783927217589,1.0,0.0,1.0
ham_oof,<40,1.06,0.9514783927217589,1.0,0.0,1.0
ham_oof,<40,1.07,0.9514783927217589,1.0,0.0,1.0
ham_oof,<40,1.08,0.9514783927217589,1.0,0.0,1.0
ham_oof,<40,1.09,0.9514783927217589,1.0,0.0,1.0
ham_oof,<40,1.1,0.9514783927217589,1.0,0.0,1.0
ham_oof,<40,1.11,0.9514783927217589,1.0,0.0,1.0
ham_oof,<40,1.12,0.9514783927217589,1.0,0.0,1.0
ham_oof,<40,1.13,0.9514783927217589,1.0,0.0,1.0
ham_oof,<40,1.14,0.9514783927217589,1.0,0.0,1.0
ham_oof,<40,1.15,0.9514783927217589,1.0,0.0,1.0
ham_oof,<40,1.16,0.9514783927217589,1.0,0.0,1.0
ham_oof,<40,1.17,0.9514783927217589,1.0,0.0,1.0
ham_oof,<40,1.18,0.9514783927217589,1.0,0.0,1.0
ham_oof,<40,1.19,0.9514783927217589,1.0,0.0,1.0
ham_oof,<40,1.2,0.9514783927217589,1.0,0.0,1.0
ham_oof,40-59,0.0,0.5228149100257069,0.6120906801007556,0.972744014732965,0.1018637532133676
ham_oof,40-59,0.01,0.5163881748071979,0.6171284634760705,0.972744014732965,0.10250642673521851
ham_oof,40-59,0.02,0.5112467866323908,0.6221662468513854,0.9712707182320443,0.10443444730077121
ham_oof,40-59,0.03,0.5096401028277635,0.6246851385390428,0.9701657458563536,0.10571979434447301
ham_oof,40-59,0.04,0.5032133676092545,0.6297229219143576,0.9701657458563536,0.1063624678663239
ham_oof,40-59,0.05,0.5003213367609255,0.6322418136020151,0.9697974217311234,0.10700514138817481
ham_oof,40-59,0.06,0.4916452442159383,0.6397984886649875,0.9694290976058931,0.10829048843187661
ham_oof,40-59,0.07,0.4916452442159383,0.6397984886649875,0.9694290976058931,0.10829048843187661
ham_oof,40-59,0.08,0.4852185089974293,0.6448362720403022,0.9694290976058931,0.1089331619537275
ham_oof,40-59,0.09,0.4820051413881748,0.6473551637279596,0.9694290976058931,0.10925449871465295
ham_oof,40-59,0.1,0.4758997429305913,0.6523929471032746,0.969060773480663,0.11021850899742931
ham_oof,40-59,0.11,0.4736503856041131,0.654911838790932,0.9686924493554327,0.1108611825192802
ham_oof,40-59,0.12,0.4704370179948586,0.6574307304785895,0.9686924493554327,0.11118251928020566
ham_oof,40-59,0.13,0.4646529562982005,0.6624685138539043,0.9679558011049724,0.11246786632390746
ham_oof,40-59,0.14,0.45854755784061696,0.6675062972292192,0.9675874769797421,0.1134318766066838
ham_oof,40-59,0.15,0.4530848329048843,0.672544080604534,0.967219152854512,0.11439588688946016
ham_oof,40-59,0.16,0.45453084832904883,0.672544080604534,0.965377532228361,0.1160025706940874
ham_oof,40-59,0.17,0.45196015424164526,0.6750629722921915,0.9646408839779006,0.11696658097686376
ham_oof,40-59,0.18,0.44938946015424164,0.6775818639798489,0.9646408839779006,0.1172879177377892
ham_oof,40-59,0.19,0.4464974293059126,0.6801007556675063,0.9642725598526704,0.1179305912596401
ham_oof,40-59,0.2,0.443926735218509,0.6826196473551638,0.96353591160221,0.11889460154241645
ham_oof,40-59,0.21,0.4278598971722365,0.6952141057934509,0.96353591160221,0.1205012853470437
ham_oof,40-59,0.22,0.424646529562982,0.6977329974811083,0.96353591160221,0.12082262210796915
ham_oof,40-59,0.23,0.4220758354755784,0.7002518891687658,0.9627992633517496,0.1217866323907455
ham_oof,40-59,0.24,0.42336118251928023,0.7002518891687658,0.9613259668508287,0.1230719794344473
ham_oof,40-59,0.25,0.4207904884318766,0.7027707808564232,0.9605893186003683,0.12403598971722365
ham_oof,40-59,0.26,0.41548843187660667,0.707808564231738,0.9591160220994475,0.12596401028277635
ham_oof,40-59,0.27,0.41275706940874035,0.7103274559193955,0.9583793738489871,0.1269280205655527
ham_oof,40-59,0.28,0.40022493573264784,0.7204030226700252,0.958011049723757,0.12853470437017994
ham_oof,40-59,0.29,0.4015102827763496,0.7204030226700252,0.9561694290976059,0.1301413881748072
ham_oof,40-59,0.3,0.39588688946015427,0.72544080604534,0.9550644567219153,0.13174807197943444
ham_oof,40-59,0.31,0.3939588688946015,0.7279596977329975,0.9535911602209944,0.1333547557840617
ham_oof,40-59,0.32,0.3949228791773779,0.7279596977329975,0.9524861878453039,0.13431876606683804
ham_oof,40-59,0.33,0.39235218508997427,0.7304785894206549,0.9517495395948434,0.1352827763496144
ham_oof,40-59,0.34,0.3904241645244216,0.7329974811083123,0.9502762430939227,0.13688946015424164
ham_oof,40-59,0.35,0.3883354755784062,0.7355163727959698,0.9488029465930018,0.1384961439588689
ham_oof,40-59,0.36,0.38255141388174807,0.7405541561712846,0.9480662983425414,0.1397814910025707
ham_oof,40-59,0.37,0.37708868894601544,0.7455919395465995,0.9469613259668508,0.14138817480719795
ham_oof,40-59,0.38,0.37066195372750643,0.7506297229219143,0.9469613259668508,0.14203084832904883
ham_oof,40-59,0.39,0.36552056555269924,0.7556675062972292,0.94548802946593,0.14395886889460155
ham_oof,40-59,0.4,0.3504177377892031,0.7682619647355163,0.9443830570902394,0.14652956298200515
ham_oof,40-59,0.41,0.3480077120822622,0.7707808564231738,0.9432780847145488,0.14781491002570693
ham_oof,40-59,0.42,0.3491323907455013,0.7707808564231738,0.941804788213628,0.14910025706940874
ham_oof,40-59,0.43,0.34463367609254497,0.7758186397984886,0.9392265193370166,0.15199228791773778
ham_oof,40-59,0.44,0.34061696658097684,0.7808564231738035,0.9384898710865561,0.1532776349614396
ham_oof,40-59,0.45,0.33531491002570696,0.7858942065491183,0.9370165745856354,0.15520565552699228
ham_oof,40-59,0.46,0.33258354755784064,0.7884130982367759,0.936279926335175,0.15616966580976863
ham_oof,40-59,0.47,0.3279241645244216,0.7934508816120907,0.9340699815837937,0.15874035989717222
ham_oof,40-59,0.48,0.3133033419023136,0.8060453400503779,0.9322283609576427,0.16195372750642673
ham_oof,40-59,0.49,0.31073264781491,0.8085642317380353,0.9314917127071823,0.1629177377892031
ham_oof,40-59,0.5,0.3023778920308483,0.8161209068010076,0.9300184162062615,0.16516709511568123
ham_oof,40-59,0.51,0.3009318766066838,0.818639798488665,0.9278084714548803,0.16741645244215939
ham_oof,40-59,0.52,0.29884318766066836,0.8211586901763224,0.9263351749539595,0.16902313624678664
ham_oof,40-59,0.53,0.29996786632390743,0.8211586901763224,0.9248618784530387,0.17030848329048842
ham_oof,40-59,0.54,0.3015745501285347,0.8211586901763224,0.9230202578268877,0.17191516709511567
ham_oof,40-59,0.55,0.299646529562982,0.8236775818639799,0.9211786372007367,0.1738431876606684
ham_oof,40-59,0.56,0.2990038560411311,0.8261964735516373,0.918232044198895,0.17673521850899743
ham_oof,40-59,0.57,0.29225578406169667,0.8337531486146096,0.9156537753222836,0.17994858611825193
ham_oof,40-59,0.58,0.28775706940874035,0.8387909319899244,0.9138121546961326,0.1821979434447301
ham_oof,40-59,0.59,0.2898457583547558,0.8387909319899244,0.9112338858195211,0.18444730077120822
ham_oof,40-59,0.6,0.28775706940874035,0.8413098236775819,0.9097605893186004,0.18605398457583547
ham_oof,40-59,0.61,0.2859897172236504,0.8463476070528967,0.9075506445672191,0.18862467866323906
ham_oof,40-59,0.62,0.2888817480719794,0.8463476070528967,0.9038674033149171,0.19183804627249357
ham_oof,40-59,0.63,0.28036632390745503,0.853904282115869,0.9023941068139963,0.19408740359897173
ham_oof,40-59,0.64,0.27859897172236503,0.8564231738035264,0.9005524861878453,0.19601542416452442
ham_oof,40-59,0.65,0.2795629820051414,0.8564231738035264,0.8994475138121547,0.19697943444730076
ham_oof,40-59,0.66,0.2744215938303342,0.8614609571788413,0.8979742173112338,0.19890745501285348
ham_oof,40-59,0.67,0.26976221079691515,0.8664987405541562,0.8957642725598527,0.20147814910025708
ham_oof,40-59,0.68,0.26510282776349614,0.871536523929471,0.8935543278084714,0.20404884318766067
ham_oof,40-59,0.69,0.2681555269922879,0.871536523929471,0.8898710865561694,0.20726221079691518
ham_oof,40-59,0.7,0.2589974293059126,0.8816120906801007,0.885451197053407,0.21240359897172237
ham_oof,40-59,0.71,0.25610539845758357,0.8866498740554156,0.8810313075506445,0.21690231362467866
ham_oof,40-59,0.72,0.2532133676092545,0.8916876574307305,0.8769797421731124,0.2210796915167095
ham_oof,40-59,0.73,0.2495179948586118,0.8967254408060453,0.8736648250460405,0.22461439588688947
ham_oof,40-59,0.74,0.25337403598971725,0.8967254408060453,0.8692449355432781,0.22847043701799485
ham_oof,40-59,0.75,0.2544987146529563,0.8967254408060453,0.8677716390423573,0.22975578406169667
ham_oof,40-59,0.76,0.25289203084832906,0.8992443324937027,0.8659300184162063,0.23168380462724936
ham_oof,40-59,0.77,0.25160668380462725,0.9017632241813602,0.8633517495395948,0.23425449871465295
ham_oof,40-59,0.78,0.25224935732647813,0.9042821158690176,0.8585635359116022,0.23875321336760927
ham_oof,40-59,0.79,0.2573907455012853,0.9042821158690176,0.852670349907919,0.24389460154241646
ham_oof,40-59,0.8,0.25353470437017994,0.9118387909319899,0.8453038674033149,0.2512853470437018
ham_oof,40-59,0.81,0.24903598971722365,0.9193954659949622,0.8390423572744015,0.2577120822622108
ham_oof,40-59,0.82,0.24967866323907456,0.9219143576826196,0.8346224677716391,0.26188946015424164
ham_oof,40-59,0.83,0.24839331619537275,0.9269521410579346,0.8287292817679558,0.26767352185089976
ham_oof,40-59,0.84,0.2474293059125964,0.9319899244332494,0.8224677716390424,0.2737789203084833
ham_oof,40-59,0.85,0.23987789203084833,0.9420654911838791,0.8162062615101289,0.2805269922879177
ham_oof,40-59,0.86,0.24084190231362468,0.9445843828715366,0.8114180478821362,0.28502570694087404
ham_oof,40-59,0.87,0.24180591259640102,0.947103274559194,0.8066298342541437,0.28952442159383035
ham_oof,40-59,0.88,0.24919665809768637,0.947103274559194,0.798158379373849,0.2969151670951157
ham_oof,40-59,0.89,0.25819408740359895,0.947103274559194,0.7878453038674034,0.3059125964010283
ham_oof,40-59,0.9,0.26590616966580977,0.9496221662468514,0.7749539594843462,0.31748071979434445
ham_oof,40-59,0.91,0.27522493573264784,0.9521410579345088,0.7605893186003683,0.33033419023136246
ham_oof,40-59,0.92,0.2871143958868895,0.9546599496221663,0.7425414364640884,0.34640102827763497
ham_oof,40-59,0.93,0.29225578406169667,0.964735516372796,0.7219152854511971,0.36568123393316193
ham_oof,40-59,0.94,0.31217866323907456,0.9672544080604534,0.6953959484346225,0.38913881748071977
ham_oof,40-59,0.95,0.3396529562982005,0.9722921914357683,0.6570902394106815,0.4232005141388175
ham_oof,40-59,0.96,0.37853470437017994,0.9848866498740554,0.5941068139963167,0.47975578406169667
ham_oof,40-59,0.97,0.5298843187660668,0.9899244332493703,0.41325966850828727,0.6381748071979434
ham_oof,40-59,0.98,0.837082262210797,1.0,0.04751381215469613,0.958547557840617
ham_oof,40-59,0.99,0.868573264781491,1.0,0.01141804788213628,0.9900385604113111
ham_oof,40-59,1.0,0.87853470437018,1.0,0.0,1.0
ham_oof,40-59,1.01,0.87853470437018,1.0,0.0,1.0
ham_oof,40-59,1.02,0.87853470437018,1.0,0.0,1.0
ham_oof,40-59,1.03,0.87853470437018,1.0,0.0,1.0
ham_oof,40-59,1.04,0.87853470437018,1.0,0.0,1.0
ham_oof,40-59,1.05,0.87853470437018,1.0,0.0,1.0
ham_oof,40-59,1.06,0.87853470437018,1.0,0.0,1.0
ham_oof,40-59,1.07,0.87853470437018,1.0,0.0,1.0
ham_oof,40-59,1.08,0.87853470437018,1.0,0.0,1.0
ham_oof,40-59,1.09,0.87853470437018,1.0,0.0,1.0
ham_oof,40-59,1.1,0.87853470437018,1.0,0.0,1.0
ham_oof,40-59,1.11,0.87853470437018,1.0,0.0,1.0
ham_oof,40-59,1.12,0.87853470437018,1.0,0.0,1.0
ham_oof,40-59,1.13,0.87853470437018,1.0,0.0,1.0
ham_oof,40-59,1.14,0.87853470437018,1.0,0.0,1.0
ham_oof,40-59,1.15,0.87853470437018,1.0,0.0,1.0
ham_oof,40-59,1.16,0.87853470437018,1.0,0.0,1.0
ham_oof,40-59,1.17,0.87853470437018,1.0,0.0,1.0
ham_oof,40-59,1.18,0.87853470437018,1.0,0.0,1.0
ham_oof,40-59,1.19,0.87853470437018,1.0,0.0,1.0
ham_oof,40-59,1.2,0.87853470437018,1.0,0.0,1.0
ham_oof,60+,0.0,0.9164012738853503,0.7379619260918253,0.9141445336627548,0.3176751592356688
ham_oof,60+,0.01,0.9116242038216561,0.7402015677491601,0.9122915379864114,0.3196656050955414
ham_oof,60+,0.02,0.9074442675159236,0.7424412094064949,0.9104385423100679,0.321656050955414
ham_oof,60+,0.03,0.9008757961783439,0.7446808510638298,0.9079678814082767,0.32404458598726116
ham_oof,60+,0.04,0.8949044585987261,0.7469204927211646,0.9054972205064855,0.32643312101910826
ham_oof,60+,0.05,0.8903264331210191,0.7491601343784995,0.9036442248301421,0.3284235668789809
ham_oof,60+,0.06,0.8726114649681529,0.7547592385218365,0.9011735639283508,0.3320063694267516
ham_oof,60+,0.07,0.866640127388535,0.7569988801791714,0.8993205682520075,0.3339968152866242
ham_oof,60+,0.08,0.8570859872611465,0.7603583426651735,0.8987029030265596,0.3355891719745223
ham_oof,60+,0.09,0.8459394904458599,0.7637178051511758,0.897467572575664,0.3375796178343949
ham_oof,60+,0.1,0.8411624203821656,0.7659574468085106,0.8962322421247684,0.339171974522293
ham_oof,60+,0.11,0.8421576433121019,0.7659574468085106,0.8943792464484249,0.3403662420382166
ham_oof,60+,0.12,0.8242436305732485,0.7726763717805151,0.8937615812229771,0.3431528662420382
ham_oof,60+,0.13,0.8101114649681529,0.7771556550951848,0.8919085855466338,0.34593949044585987
ham_oof,60+,0.14,0.8099124203821656,0.7782754759238522,0.8894379246448425,0.3479299363057325
ham_oof,60+,0.15,0.8019506369426752,0.7816349384098544,0.887584928968499,0.3503184713375796
ham_oof,60+,0.16,0.7874203821656051,0.7872340425531915,0.8844966028412601,0.35429936305732485
ham_oof,60+,0.17,0.7738853503184714,0.7917133258678611,0.8838789376158123,0.35628980891719747
ham_oof,60+,0.18,0.7714968152866242,0.793952967525196,0.8795552810376775,0.35987261146496813
ham_oof,60+,0.19,0.763734076433121,0.7973124300111982,0.8770846201358864,0.3626592356687898
ham_oof,60+,0.2,0.7573646496815286,0.799552071668533,0.8746139592340951,0.36504777070063693
ham_oof,60+,0.21,0.7509952229299363,0.8017917133258678,0.8721432983323039,0.3674363057324841
ham_oof,60+,0.22,0.7511942675159236,0.8017917133258678,0.871525633106856,0.3678343949044586
ham_oof,60+,0.23,0.7442277070063694,0.8040313549832027,0.8696726374305127,0.3698248407643312
ham_oof,60+,0.24,0.7406449044585988,0.8051511758118701,0.8690549722050649,0.37062101910828027
ham_oof,60+,0.25,0.7298964968152867,0.8085106382978723,0.8684373069796171,0.37221337579617836
ham_oof,60+,0.26,0.71875,0.812989921612542,0.8684373069796171,0.37380573248407645
ham_oof,60+,0.27,0.710390127388535,0.8163493840985442,0.865348980852378,0.3769904458598726
ham_oof,60+,0.28,0.6960589171974523,0.8208286674132139,0.8628783199505868,0.3801751592356688
ham_oof,60+,0.29,0.6867038216560509,0.8241881298992161,0.8585546633724521,0.384156050955414
ham_oof,60+,0.3,0.6789410828025477,0.8275475923852184,0.8548486720197653,0.3877388535031847
ham_oof,60+,0.31,0.6761544585987261,0.8286674132138858,0.8529956763434219,0.3893312101910828
ham_oof,60+,0.32,0.6618232484076433,0.8331466965285554,0.8517603458925262,0.39171974522292996
ham_oof,60+,0.33,0.6568471337579618,0.8353863381858903,0.8505250154416306,0.39331210191082805
ham_oof,60+,0.34,0.6502786624203821,0.8376259798432251,0.849289684990735,0.39490445859872614
ham_oof,60+,0.35,0.6455015923566879,0.8398656215005599,0.8480543545398395,0.3964968152866242
ham_oof,60+,0.36,0.6343550955414012,0.8432250839865622,0.8480543545398395,0.3976910828025478
ham_oof,60+,0.37,0.6319665605095541,0.8443449048152296,0.8455836936380482,0.3996815286624204
ham_oof,60+,0.38,0.6289808917197452,0.845464725643897,0.8437306979617047,0.4012738853503185
ham_oof,60+,0.39,0.6118630573248408,0.851063829787234,0.8437306979617047,0.40326433121019106
ham_oof,60+,0.4,0.598328025477707,0.8555431131019037,0.8424953675108091,0.4056528662420382
ham_oof,60+,0.41,0.5959394904458599,0.8566629339305711,0.840024706609018,0.40764331210191085
ham_oof,60+,0.42,0.5909633757961783,0.858902575587906,0.8363187152563311,0.410828025477707
ham_oof,60+,0.43,0.5843949044585988,0.8611422172452408,0.8338480543545398,0.41321656050955413
ham_oof,60+,0.44,0.5832006369426752,0.8633818589025756,0.830142063001853,0.4164012738853503
ham_oof,60+,0.45,0.5764331210191083,0.8656215005599104,0.8289067325509574,0.4179936305732484
ham_oof,60+,0.46,0.552547770700637,0.8745800671892497,0.8264360716491661,0.42277070063694266
ham_oof,60+,0.47,0.5392117834394905,0.8790593505039194,0.8214947498455837,0.42754777070063693
ham_oof,60+,0.48,0.5384156050955414,0.8801791713325868,0.8165534280420013,0.43113057324840764
ham_oof,60+,0.49,0.53125,0.883538633818589,0.8128474366893144,0.43471337579617836
ham_oof,60+,0.5,0.5226910828025477,0.8868980963045913,0.8097591105620754,0.43789808917197454
ham_oof,60+,0.51,0.5244824840764332,0.8868980963045913,0.8066707844348363,0.43988853503184716
ham_oof,60+,0.52,0.5268710191082803,0.8868980963045913,0.8029647930821495,0.44227707006369427
ham_oof,60+,0.53,0.51453025477707,0.8913773796192609,0.8023471278567017,0.4442675159235669
ham_oof,60+,0.54,0.5109474522292994,0.8936170212765957,0.7974058060531192,0.4482484076433121
ham_oof,60+,0.55,0.49781050955414013,0.8980963045912654,0.7924644842495367,0.45302547770700635
ham_oof,60+,0.56,0.4958200636942675,0.8992161254199328,0.7893761581222977,0.4554140127388535
ham_oof,60+,0.57,0.4896496815286624,0.9025755879059351,0.7856701667696109,0.4589968152866242
ham_oof,60+,0.58,0.49203821656050956,0.9025755879059351,0.781964175416924,0.46138535031847133
ham_oof,60+,0.59,0.49004777070063693,0.9036954087346024,0.7801111797405806,0.4629777070063694
ham_oof,60+,0.6,0.4846735668789809,0.9059350503919373,0.7757875231624459,0.46656050955414013
ham_oof,60+,0.61,0.48606687898089174,0.9059350503919373,0.772699197035207,0.46855095541401276
ham_oof,60+,0.62,0.48487261146496813,0.9070548712206047,0.7677578752316244,0.4721337579617834
ham_oof,60+,0.63,0.473328025477707,0.9115341545352743,0.7621988882025942,0.4773089171974522
ham_oof,60+,0.64,0.46178343949044587,0.916013437849944,0.7547869054972205,0.4836783439490446
ham_oof,60+,0.65,0.45222929936305734,0.9193729003359462,0.7504632489190859,0.4876592356687898
ham_oof,60+,0.66,0.4426751592356688,0.9227323628219485,0.746757257566399,0.4912420382165605
ham_oof,60+,0.67,0.44128184713375795,0.9238521836506159,0.7424336009882644,0.49442675159235666
ham_oof,60+,0.68,0.43113057324840764,0.9283314669652856,0.7362569487337863,0.5
ham_oof,60+,0.69,0.42018312101910826,0.9328107502799552,0.7319332921556516,0.5043789808917197
ham_oof,60+,0.7,0.40605095541401276,0.9384098544232923,0.7263743051266214,0.509952229299363
ham_oof,60+,0.71,0.4056528662420382,0.9406494960806271,0.7152563310685608,0.5179140127388535
ham_oof,60+,0.72,0.40843949044585987,0.9406494960806271,0.7103150092649784,0.5210987261146497
ham_oof,60+,0.73,0.41023089171974525,0.9417693169092946,0.701667696108709,0.5270700636942676
ham_oof,60+,0.74,0.40625,0.9451287793952967,0.6942557134033354,0.5330414012738853
ham_oof,60+,0.75,0.3984872611464968,0.948488241881299,0.6874613959234095,0.5386146496815286
ham_oof,60+,0.76,0.40147292993630573,0.948488241881299,0.6825200741198271,0.5417993630573248
ham_oof,60+,0.77,0.3964968152866242,0.9518477043673013,0.6707844348363187,0.5505573248407644
ham_oof,60+,0.78,0.40226910828025475,0.9518477043673013,0.6609017912291538,0.5569267515923567
ham_oof,60+,0.79,0.39052547770700635,0.9574468085106383,0.6516368128474367,0.5648885350318471
ham_oof,60+,0.8,0.38554936305732485,0.9608062709966405,0.6436071649166152,0.5712579617834395
ham_oof,60+,0.81,0.379578025477707,0.9641657334826428,0.6349598517603459,0.5780254777070064
ham_oof,60+,0.82,0.3755971337579618,0.9675251959686451,0.6269302038295244,0.5843949044585988
ham_oof,60+,0.83,0.37320859872611467,0.9697648376259799,0.6182828906732551,0.5907643312101911
ham_oof,60+,0.84,0.37579617834394907,0.9708846584546472,0.6071649166151946,0.598328025477707
ham_oof,60+,0.85,0.3791799363057325,0.973124300111982,0.5911056207535516,0.6094745222929936
ham_oof,60+,0.86,0.3843550955414013,0.9742441209406495,0.5799876466954911,0.6170382165605095
ham_oof,60+,0.87,0.38296178343949044,0.9764837625979843,0.5731933292155652,0.6222133757961783
ham_oof,60+,0.88,0.38753980891719747,0.9787234042553191,0.5589870290302656,0.6321656050955414
ham_oof,60+,0.89,0.3883359872611465,0.9809630459126539,0.5453983940704138,0.64171974522293
ham_oof,60+,0.9,0.3899283439490446,0.9843225083986562,0.5299567634342186,0.6528662420382165
ham_oof,60+,0.91,0.38714171974522293,0.9876819708846585,0.5169857936998147,0.6624203821656051
ham_oof,60+,0.92,0.39410828025477707,0.9888017917133258,0.4996911673872761,0.6739649681528662
ham_oof,60+,0.93,0.39371019108280253,0.9932810750279956,0.4762198888202594,0.6906847133757962
ham_oof,60+,0.94,0.4028662420382166,0.9955207166853304,0.45274861025324276,0.7066082802547771
ham_oof,60+,0.95,0.4225716560509554,0.9966405375139977,0.4156886967263743,0.7308917197452229
ham_oof,60+,0.96,0.46317675159235666,0.9966405375139977,0.352686843730698,0.7714968152866242
ham_oof,60+,0.97,0.5342356687898089,0.9977603583426652,0.2359481161210624,0.8471337579617835
ham_oof,60+,0.98,0.6500796178343949,0.9988801791713325,0.053736874613959235,0.964968152866242
ham_oof,60+,0.99,0.669187898089172,1.0,0.021618282890673256,0.9860668789808917
ham_oof,60+,1.0,0.6831210191082803,1.0,0.0,1.0
ham_oof,60+,1.01,0.6831210191082803,1.0,0.0,1.0
ham_oof,60+,1.02,0.6831210191082803,1.0,0.0,1.0
ham_oof,60+,1.03,0.6831210191082803,1.0,0.0,1.0
ham_oof,60+,1.04,0.6831210191082803,1.0,0.0,1.0
ham_oof,60+,1.05,0.6831210191082803,1.0,0.0,1.0
ham_oof,60+,1.06,0.6831210191082803,1.0,0.0,1.0
ham_oof,60+,1.07,0.6831210191082803,1.0,0.0,1.0
ham_oof,60+,1.08,0.6831210191082803,1.0,0.0,1.0
ham_oof,60+,1.09,0.6831210191082803,1.0,0.0,1.0
ham_oof,60+,1.1,0.6831210191082803,1.0,0.0,1.0
ham_oof,60+,1.11,0.6831210191082803,1.0,0.0,1.0
ham_oof,60+,1.12,0.6831210191082803,1.0,0.0,1.0
ham_oof,60+,1.13,0.6831210191082803,1.0,0.0,1.0
ham_oof,60+,1.14,0.6831210191082803,1.0,0.0,1.0
ham_oof,60+,1.15,0.6831210191082803,1.0,0.0,1.0
ham_oof,60+,1.16,0.6831210191082803,1.0,0.0,1.0
ham_oof,60+,1.17,0.6831210191082803,1.0,0.0,1.0
ham_oof,60+,1.18,0.6831210191082803,1.0,0.0,1.0
ham_oof,60+,1.19,0.6831210191082803,1.0,0.0,1.0
ham_oof,60+,1.2,0.6831210191082803,1.0,0.0,1.0
bcn20000,<40,0.0,1.2693482688391038,0.2791327913279133,0.9843260188087775,0.06517311608961303
bcn20000,<40,0.01,1.260183299389002,0.2845528455284553,0.9843260188087775,0.06619144602851323
bcn20000,<40,0.02,1.2459266802443991,0.2926829268292683,0.9843260188087775,0.06771894093686355
bcn20000,<40,0.03,1.2421079429735233,0.2953929539295393,0.9836990595611286,0.06873727087576374
bcn20000,<40,0.04,1.2370162932790223,0.2981029810298103,0.9836990595611286,0.06924643584521385
bcn20000,<40,0.05,1.2375254582484725,0.2981029810298103,0.9830721003134796,0.06975560081466395
bcn20000,<40,0.06,1.2375254582484725,0.2981029810298103,0.9830721003134796,0.06975560081466395
bcn20000,<40,0.07,1.2380346232179227,0.2981029810298103,0.9824451410658307,0.07026476578411406
bcn20000,<40,0.08,1.2291242362525459,0.3035230352303523,0.9818181818181818,0.07179226069246436
bcn20000,<40,0.09,1.224541751527495,0.3062330623306233,0.9811912225705329,0.07281059063136457
bcn20000,<40,0.1,1.220977596741344,0.3089430894308943,0.9799373040752352,0.07433808553971487
bcn20000,<40,0.11,1.220977596741344,0.3089430894308943,0.9799373040752352,0.07433808553971487
bcn20000,<40,0.12,1.2118126272912424,0.3143631436314363,0.9786833855799373,0.07637474541751528
bcn20000,<40,0.13,1.2118126272912424,0.3143631436314363,0.9786833855799373,0.07637474541751528
bcn20000,<40,0.14,1.2077393075356415,0.3170731707317073,0.9774294670846395,0.07790224032586558
bcn20000,<40,0.15,1.2041751527494908,0.31978319783197834,0.9768025078369906,0.07892057026476579
bcn20000,<40,0.16,1.204684317718941,0.31978319783197834,0.9761755485893417,0.07942973523421588
bcn20000,<40,0.17,1.205193482688391,0.31978319783197834,0.9755485893416928,0.079938900203666
bcn20000,<40,0.18,1.2021384928716905,0.3224932249322493,0.974294670846395,0.0814663951120163
bcn20000,<40,0.19,1.2031568228105907,0.3224932249322493,0.9730407523510972,0.0824847250509165
bcn20000,<40,0.2,1.19959266802444,0.3252032520325203,0.9724137931034482,0.0835030549898167
bcn20000,<40,0.21,1.1914460285132382,0.33062330623306235,0.9724137931034482,0.0845213849287169
bcn20000,<40,0.22,1.1883910386965377,0.3333333333333333,0.9711598746081505,0.08604887983706722
bcn20000,<40,0.23,1.1830448065173116,0.33875338753387535,0.9699059561128527,0.08808553971486761
bcn20000,<40,0.24,1.1830448065173116,0.33875338753387535,0.9699059561128527,0.08808553971486761
bcn20000,<40,0.25,1.17489816700611,0.34417344173441733,0.9692789968652038,0.08961303462321792
bcn20000,<40,0.26,1.1636965376782078,0.3523035230352303,0.9686520376175548,0.09164969450101833
bcn20000,<40,0.27,1.150458248472505,0.3604336043360434,0.967398119122257,0.09419551934826884
bcn20000,<40,0.28,1.1367107942973524,0.3685636856368564,0.967398119122257,0.09572301425661914
bcn20000,<40,0.29,1.1278004073319756,0.37398373983739835,0.9655172413793104,0.09826883910386966
bcn20000,<40,0.3,1.129327902240326,0.37398373983739835,0.9636363636363636,0.09979633401221996
bcn20000,<40,0.31,1.115325865580448,0.3821138211382114,0.9630094043887147,0.10183299389002037
bcn20000,<40,0.32,1.1171079429735233,0.3821138211382114,0.9605015673981191,0.10386965376782077
bcn20000,<40,0.33,1.1008146639511203,0.39295392953929537,0.9592476489028213,0.10692464358452139
bcn20000,<40,0.34,1.0921588594704685,0.3983739837398374,0.9592476489028213,0.1079429735234216
bcn20000,<40,0.35,1.089613034623218,0.4010840108401084,0.9573667711598746,0.109979633401222
bcn20000,<40,0.36,1.0812118126272912,0.4065040650406504,0.954858934169279,0.11303462321792261
bcn20000,<40,0.37,1.0814663951120163,0.4065040650406504,0.9542319749216301,0.11354378818737271
bcn20000,<40,0.38,1.0743380855397149,0.41192411924119243,0.9523510971786834,0.11608961303462322
bcn20000,<40,0.39,1.0667006109979633,0.4173441734417344,0.9492163009404389,0.11965376782077393
bcn20000,<40,0.4,1.0610997963340123,0.42276422764227645,0.9473354231974922,0.12219959266802444
bcn20000,<40,0.41,1.0493890020366599,0.43089430894308944,0.9467084639498433,0.12423625254582485
bcn20000,<40,0.42,1.0417515274949083,0.4363143631436314,0.9454545454545454,0.12627291242362526
bcn20000,<40,0.43,1.0366598778004072,0.44173441734417346,0.9429467084639498,0.12932790224032586
bcn20000,<40,0.44,1.0313136456211813,0.44715447154471544,0.9391849529780564,0.1334012219959267
bcn20000,<40,0.45,1.0328411405295315,0.44715447154471544,0.9366771159874608,0.1354378818737271
bcn20000,<40,0.46,1.0208757637474541,0.45528455284552843,0.935423197492163,0.1379837067209776
bcn20000,<40,0.47,1.015784114052953,0.46070460704607047,0.9322884012539185,0.1415478615071283
bcn20000,<40,0.48,1.0035641547861507,0.46883468834688347,0.9278996865203761,0.14663951120162932
bcn20000,<40,0.49,0.995162932790224,0.47696476964769646,0.922884012539185,0.15224032586558045
bcn20000,<40,0.5,0.980142566191446,0.4878048780487805,0.9191222570532915,0.15733197556008147
bcn20000,<40,0.51,0.9663951120162932,0.4986449864498645,0.915987460815047,0.16191446028513237
bcn20000,<40,0.52,0.9414460285132383,0.5149051490514905,0.9122257053291536,0.1680244399185336
bcn20000,<40,0.53,0.9394093686354379,0.5176151761517616,0.9078369905956113,0.17209775967413443
bcn20000,<40,0.54,0.929989816700611,0.5257452574525745,0.9053291536050156,0.17566191446028515
bcn20000,<40,0.55,0.9269348268839104,0.5284552845528455,0.9047021943573668,0.17668024439918534
bcn20000,<40,0.56,0.9223523421588594,0.5338753387533876,0.8971786833855799,0.18380855397148677
bcn20000,<40,0.57,0.9180244399185336,0.5392953929539296,0.8934169278996865,0.1878818737270876
bcn20000,<40,0.58,0.9142057026476579,0.5420054200542005,0.8915360501567398,0.18991853360488797
bcn20000,<40,0.59,0.9086048879837068,0.5474254742547425,0.8877742946708463,0.1939918533604888
bcn20000,<40,0.6,0.8946028513238289,0.5582655826558266,0.8827586206896552,0.20010183299389003
bcn20000,<40,0.61,0.8867107942973523,0.5663956639566395,0.8771159874608151,0.20621181262729124
bcn20000,<40,0.62,0.8844195519348269,0.5718157181571816,0.870846394984326,0.21232179226069248
bcn20000,<40,0.63,0.8737270875763747,0.5799457994579946,0.8683385579937304,0.2158859470468432
bcn20000,<40,0.64,0.870162932790224,0.5853658536585366,0.8608150470219436,0.2230142566191446
bcn20000,<40,0.65,0.8528513238289206,0.5989159891598916,0.8557993730407524,0.22963340122199594
bcn20000,<40,0.66,0.8459775967413442,0.6043360433604336,0.8514106583072101,0.23421588594704684
bcn20000,<40,0.67,0.8408859470468432,0.6097560975609756,0.8463949843260188,0.23930753564154786
bcn20000,<40,0.68,0.830193482688391,0.6205962059620597,0.8413793103448276,0.2454175152749491
bcn20000,<40,0.69,0.8223014256619144,0.6287262872628726,0.8369905956112853,0.2505091649694501
bcn20000,<40,0.7,0.8133910386965377,0.6368563685636857,0.8307210031347962,0.25712830957230143
bcn20000,<40,0.71,0.8011710794297352,0.6476964769647696,0.8269592476489028,0.26221995926680247
bcn20000,<40,0.72,0.8019348268839104,0.6504065040650406,0.819435736677116,0.26883910386965376
bcn20000,<40,0.73,0.8011710794297352,0.6558265582655827,0.8081504702194358,0.2790224032586558
bcn20000,<40,0.74,0.7958248472505092,0.6612466124661247,0.8037617554858935,0.2836048879837067
bcn20000,<40,0.75,0.7965885947046843,0.6639566395663956,0.8,0.28716904276985744
bcn20000,<40,0.76,0.8004073319755601,0.6639566395663956,0.7949843260188088,0.29124236252545826
bcn20000,<40,0.77,0.7953156822810591,0.6693766937669376,0.7880877742946708,0.29786150712830956
bcn20000,<40,0.78,0.800152749490835,0.6720867208672087,0.7761755485893417,0.3080448065173116
bcn20000,<40,0.79,0.8044806517311609,0.6747967479674797,0.7636363636363637,0.31873727087576376
bcn20000,<40,0.8,0.7927698574338086,0.6856368563685636,0.754858934169279,0.32790224032586557
bcn20000,<40,0.81,0.780040733197556,0.6964769647696477,0.7460815047021944,0.33706720977596744
bcn20000,<40,0.82,0.7790224032586558,0.7018970189701897,0.7391849529780564,0.3436863543788187
bcn20000,<40,0.83,0.7759674134419552,0.7073170731707317,0.729153605015674,0.3528513238289206
bcn20000,<40,0.84,0.7662932790224033,0.7181571815718157,0.7184952978056426,0.3635437881873727
bcn20000,<40,0.85,0.7662932790224033,0.7235772357723578,0.7078369905956113,0.37321792260692466
bcn20000,<40,0.86,0.7683299389002036,0.7289972899728997,0.6927899686520376,0.3864562118126273
bcn20000,<40,0.87,0.7624745417515275,0.7398373983739838,0.6808777429467084,0.3981670061099796
bcn20000,<40,0.88,0.759928716904277,0.7479674796747967,0.6626959247648903,0.41446028513238287
bcn20000,<40,0.89,0.7484725050916496,0.7642276422764228,0.6470219435736677,0.430244399185336
bcn20000,<40,0.9,0.7415987780040734,0.7777777777777778,0.6269592476489029,0.44908350305498984
bcn20000,<40,0.91,0.7380346232179226,0.7913279132791328,0.6012539184952979,0.4725050916496945
bcn20000,<40,0.92,0.7405804480651731,0.8048780487804879,0.5724137931034483,0.4984725050916497
bcn20000,<40,0.93,0.7431262729124236,0.8238482384823849,0.5310344827586206,0.5356415478615071
bcn20000,<40,0.94,0.7390529531568228,0.8455284552845529,0.4884012539184953,0.5743380855397149
bcn20000,<40,0.95,0.7497454175152749,0.8590785907859079,0.44388714733542317,0.6130346232179226
bcn20000,<40,0.96,0.7563645621181263,0.8834688346883469,0.380564263322884,0.6690427698574338
bcn20000,<40,0.97,0.7606924643584522,0.924119241192412,0.2896551724137931,0.7505091649694501
bcn20000,<40,0.98,0.7894602851323829,0.978319783197832,0.1322884012539185,0.8884928716904277
bcn20000,<40,0.99,0.8559063136456212,1.0,0.003134796238244514,0.9974541751527495
bcn20000,<40,1.0,0.8584521384928717,1.0,0.0,1.0
bcn20000,<40,1.01,0.8584521384928717,1.0,0.0,1.0
bcn20000,<40,1.02,0.8584521384928717,1.0,0.0,1.0
bcn20000,<40,1.03,0.8584521384928717,1.0,0.0,1.0
bcn20000,<40,1.04,0.8584521384928717,1.0,0.0,1.0
bcn20000,<40,1.05,0.8584521384928717,1.0,0.0,1.0
bcn20000,<40,1.06,0.8584521384928717,1.0,0.0,1.0
bcn20000,<40,1.07,0.8584521384928717,1.0,0.0,1.0
bcn20000,<40,1.08,0.8584521384928717,1.0,0.0,1.0
bcn20000,<40,1.09,0.8584521384928717,1.0,0.0,1.0
bcn20000,<40,1.1,0.8584521384928717,1.0,0.0,1.0
bcn20000,<40,1.11,0.8584521384928717,1.0,0.0,1.0
bcn20000,<40,1.12,0.8584521384928717,1.0,0.0,1.0
bcn20000,<40,1.13,0.8584521384928717,1.0,0.0,1.0
bcn20000,<40,1.14,0.8584521384928717,1.0,0.0,1.0
bcn20000,<40,1.15,0.8584521384928717,1.0,0.0,1.0
bcn20000,<40,1.16,0.8584521384928717,1.0,0.0,1.0
bcn20000,<40,1.17,0.8584521384928717,1.0,0.0,1.0
bcn20000,<40,1.18,0.8584521384928717,1.0,0.0,1.0
bcn20000,<40,1.19,0.8584521384928717,1.0,0.0,1.0
bcn20000,<40,1.2,0.8584521384928717,1.0,0.0,1.0
bcn20000,40-59,0.0,2.5763653939101014,0.3601108033240997,0.9772824689241321,0.16988883518608022
bcn20000,40-59,0.01,2.553890768487192,0.36620498614958447,0.9768538362623231,0.17278878685355245
bcn20000,40-59,0.02,2.541686805219913,0.36952908587257616,0.9759965709387055,0.17472208796520058
bcn20000,40-59,0.03,2.5373368777187046,0.3706371191135734,0.9751393056150879,0.17568873852102465
bcn20000,40-59,0.04,2.5291203479942,0.37285318559556785,0.9738534076296613,0.17738037699371678
bcn20000,40-59,0.05,2.511237312711455,0.37728531855955677,0.9738534076296613,0.17931367810536492
bcn20000,40-59,0.06,2.4946834219429674,0.3817174515235457,0.9734247749678525,0.18148864185596908
bcn20000,40-59,0.07,2.481875302078299,0.3850415512465374,0.9725675096442349,0.1834219429676172
bcn20000,40-59,0.08,2.46906718221363,0.3889196675900277,0.9712816116588084,0.18583856935717738
bcn20000,40-59,0.09,2.4637506041565973,0.39058171745152354,0.9708529789969995,0.18680521991300145
bcn20000,40-59,0.1,2.448042532624456,0.39501385041551246,0.9695670810115731,0.18946350894151764
bcn20000,40-59,0.11,2.435234412759787,0.39833795013850415,0.9687098156879554,0.19139681005316578
bcn20000,40-59,0.12,2.41988883518608,0.4022160664819945,0.9665666523789113,0.19429676172063798
bcn20000,40-59,0.13,2.414693088448526,0.4038781163434903,0.9661380197171024,0.19526341227646207
bcn20000,40-59,0.14,2.3977767037216045,0.4083102493074792,0.9652807543934848,0.19768003866602224
bcn20000,40-59,0.15,2.374818753020783,0.41440443213296396,0.964852121731676,0.20057999033349444
bcn20000,40-59,0.16,2.3543982600289994,0.42049861495844876,0.9635662237462495,0.20396326727887867
bcn20000,40-59,0.17,2.3322861285645238,0.4265927977839335,0.9627089584226318,0.2071048815853069
bcn20000,40-59,0.18,2.3153697438376026,0.4310249307479224,0.9609944277753965,0.21000483325277913
bcn20000,40-59,0.19,2.293861768970517,0.43656509695290857,0.95970852978997,0.21314644755920734
bcn20000,40-59,0.2,2.2787578540357663,0.4409972299168975,0.9588512644663524,0.21556307394876753
bcn20000,40-59,0.21,2.268124697921701,0.4437673130193906,0.9584226318045435,0.21701304978250363
bcn20000,40-59,0.22,2.25302078298695,0.4481994459833795,0.9558508358336906,0.22039632672788786
bcn20000,40-59,0.23,2.2381585306911553,0.45318559556786703,0.9541363051864552,0.2235379410343161
bcn20000,40-59,0.24,2.2257129047849205,0.4565096952908587,0.9532790398628376,0.22547124214596423
bcn20000,40-59,0.25,2.204809086515225,0.4626038781163435,0.951993141877411,0.2288545190913485
bcn20000,40-59,0.26,2.1889801836636056,0.467590027700831,0.9511358765537934,0.23151280811986466
bcn20000,40-59,0.27,2.175688738521025,0.4714681440443213,0.949849978568367,0.23392943450942486
bcn20000,40-59,0.28,2.1576848719188013,0.47645429362880887,0.9481354479211316,0.23707104881585306
bcn20000,40-59,0.29,2.1370227162880617,0.4825484764542936,0.9459922846120874,0.24093765103914935
bcn20000,40-59,0.3,2.1283228612856453,0.4853185595567867,0.944706386626661,0.2428709521507975
bcn20000,40-59,0.31,2.1161188980183665,0.489196675900277,0.942134590655808,0.24601256645722572
bcn20000,40-59,0.32,2.100048332527791,0.4936288088642659,0.939562794684955,0.24939584340260995
bcn20000,40-59,0.33,2.0874818753020783,0.4969529085872576,0.9382768966995285,0.2515708071532141
bcn20000,40-59,0.34,2.0779362010633156,0.4997229916897507,0.9365623660522931,0.2537457709038183
bcn20000,40-59,0.35,2.0612614789753505,0.5047091412742383,0.9335619374196313,0.25761237312711455
bcn20000,40-59,0.36,2.0439826002899952,0.5096952908587258,0.9318474067723961,0.2607539874335428
bcn20000,40-59,0.37,2.0363702271628807,0.5124653739612188,0.9309901414487785,0.2624456259062349
bcn20000,40-59,0.38,2.0062832286128565,0.5207756232686981,0.9292756108015431,0.26703721604639924
bcn20000,40-59,0.39,1.9915418076365394,0.525207756232687,0.9275610801543077,0.26993716771387144
bcn20000,40-59,0.4,1.957950700821653,0.5340720221606648,0.9271324474924989,0.27404543257612374
bcn20000,40-59,0.41,1.9405509908168197,0.539612188365651,0.9254179168452636,0.277428709521508
bcn20000,40-59,0.42,1.9192846785886901,0.5451523545706372,0.9249892841834548,0.28008699855002417
bcn20000,40-59,0.43,1.8972933784436925,0.5512465373961218,0.9202743249035577,0.28540357660705656
bcn20000,40-59,0.44,1.8713146447559208,0.5584487534626039,0.9181311615945135,0.28975350410826484
bcn20000,40-59,0.45,1.8557274045432577,0.5628808864265928,0.914273467638234,0.29386176897051713
bcn20000,40-59,0.46,1.848477525374577,0.5656509695290859,0.9099871410201458,0.2974867085548574
bcn20000,40-59,0.47,1.8318028032866118,0.571191135734072,0.9052721817402486,0.3025616239729338
bcn20000,40-59,0.48,1.8140405993233446,0.5767313019390582,0.8996999571367338,0.30811986466892216
bcn20000,40-59,0.49,1.8014741420976317,0.5806094182825485,0.8971281611658808,0.3112614789753504
bcn20000,40-59,0.5,1.7957950700821652,0.5833795013850416,0.8911273039005573,0.31585306911551475
bcn20000,40-59,0.51,1.7667955534074433,0.592797783933518,0.8872696099442777,0.3221362977283712
bcn20000,40-59,0.52,1.748670855485742,0.5977839335180055,0.8825546506643807,0.32696955050749155
bcn20000,40-59,0.53,1.736466892218463,0.6022160664819944,0.8774110587226747,0.3318028032866119
bcn20000,40-59,0.54,1.7136297728371195,0.6094182825484764,0.8744106300900129,0.3366360560657322
bcn20000,40-59,0.55,1.6884968583856936,0.6166204986149585,0.871410201457351,0.3414693088448526
bcn20000,40-59,0.56,1.666988883518608,0.6227146814404432,0.8684097728246892,0.3458192363460609
bcn20000,40-59,0.57,1.6451184146930884,0.6293628808864266,0.8632661808829832,0.35161913968100533
bcn20000,40-59,0.58,1.640405993233446,0.6310249307479224,0.8606943849121304,0.3537941034316095
bcn20000,40-59,0.59,1.6175688738521026,0.6382271468144044,0.8551221603086155,0.3600773320444659
bcn20000,40-59,0.6,1.5952150797486708,0.6454293628808865,0.8512644663523361,0.3653939101014983
bcn20000,40-59,0.61,1.5779362010633156,0.6509695290858726,0.8469781397342477,0.37022716288061863
bcn20000,40-59,0.62,1.555944900918318,0.657617728531856,0.8448349764252036,0.37433542774287093
bcn20000,40-59,0.63,1.541203479942001,0.6626038781163435,0.8418345477925417,0.37820202996616725
bcn20000,40-59,0.64,1.5210246495891735,0.6686980609418283,0.8375482211744535,0.3832769453842436
bcn20000,40-59,0.65,1.5055582406959884,0.6742382271468144,0.8315473639091299,0.389076848719188
bcn20000,40-59,0.66,1.4812711454809087,0.6808864265927977,0.8268324046292328,0.3946350894151764
bcn20000,40-59,0.67,1.4630256162397293,0.6869806094182825,0.8195456493784826,0.4014016433059449
bcn20000,40-59,0.68,1.4479217013049783,0.69196675900277,0.810972996142306,0.4084098598356694
bcn20000,40-59,0.69,1.4343885935234413,0.696398891966759,0.8041148735533648,0.4142097631706138
bcn20000,40-59,0.7,1.4195263412276462,0.7013850415512466,0.7968281183026147,0.42049299178347027
bcn20000,40-59,0.71,1.4086515224746254,0.7052631578947368,0.7912558936990999,0.4253262445625906
bcn20000,40-59,0.72,1.3940309328177865,0.7096952908587257,0.7848264037719674,0.43088448525857903
bcn20000,40-59,0.73,1.374456259062349,0.7163434903047091,0.773253321903129,0.4403093281778637
bcn20000,40-59,0.74,1.3562107298211696,0.7229916897506925,0.7616802400342906,0.44973417109714836
bcn20000,40-59,0.75,1.3377235379410344,0.7285318559556787,0.7535362194599229,0.45674238762687286
bcn20000,40-59,0.76,1.3185113581440309,0.7357340720221607,0.7393913416202315,0.4678588690188497
bcn20000,40-59,0.77,1.304253262445626,0.7407202216066482,0.7325332190312902,0.47390043499275014
bcn20000,40-59,0.78,1.2944659255679072,0.7445983379501385,0.7209601371624518,0.48211696471725474
bcn20000,40-59,0.79,1.2791203479942002,0.7506925207756233,0.7132447492498929,0.48912518124697923
bcn20000,40-59,0.8,1.2544707588206863,0.7584487534626039,0.7016716673810545,0.49903334944417593
bcn20000,40-59,0.81,1.2462542290961818,0.7623268698060942,0.6888126875267896,0.5079748670855486
bcn20000,40-59,0.82,1.2127839536007734,0.7728531855955678,0.6772396056579512,0.5190913484775254
bcn20000,40-59,0.83,1.1886176897051717,0.7806094182825485,0.6639519931418774,0.5299661672305461
bcn20000,40-59,0.84,1.1718221362977284,0.7872576177285319,0.6506643806258037,0.5403576607056549
bcn20000,40-59,0.85,1.139197680038666,0.7972299168975069,0.6425203600514359,0.5492991783470276
bcn20000,40-59,0.86,1.1203479942000967,0.804432132963989,0.6266609515645092,0.5613823102948284
bcn20000,40-59,0.87,1.0787820202996616,0.8166204986149584,0.6116588084012001,0.5751570807153215
bcn20000,40-59,0.88,1.0495408409859837,0.8265927977839335,0.5932276039434204,0.5898985016916385
bcn20000,40-59,0.89,1.0117206379893668,0.8393351800554016,0.5696528075439349,0.6087481875302079
bcn20000,40-59,0.9,0.9830836152730787,0.8487534626038781,0.5495070724389198,0.6242145964233929
bcn20000,40-59,0.91,0.9490091831802804,0.8603878116343491,0.5272181740248607,0.6418559690671822
bcn20000,40-59,0.92,0.9192846785886902,0.87202216066482,0.4942134590655808,0.6655389076848719
bcn20000,40-59,0.93,0.8789270178830353,0.8869806094182825,0.4573510501500214,0.6928467858869019
bcn20000,40-59,0.94,0.8356694055099082,0.9030470914127424,0.4123446206600943,0.7252295795070082
bcn20000,40-59,0.95,0.8038907684871919,0.9174515235457064,0.3609087012430347,0.7605123247945867
bcn20000,40-59,0.96,0.7301836636056066,0.9440443213296399,0.2983283326189456,0.8073948767520541
bcn20000,40-59,0.97,0.6619139681005317,0.9700831024930748,0.22803257608229746,0.8583856935717739
bcn20000,40-59,0.98,0.6468100531657806,0.9905817174515236,0.10715816545220745,0.9354760753987433
bcn20000,40-59,0.99,0.665780570323828,1.0,0.0038576939562794685,0.9978250362493959
bcn20000,40-59,1.0,0.6677138714354761,1.0,0.0,1.0
bcn20000,40-59,1.01,0.6677138714354761,1.0,0.0,1.0
bcn20000,40-59,1.02,0.6677138714354761,1.0,0.0,1.0
bcn20000,40-59,1.03,0.6677138714354761,1.0,0.0,1.0
bcn20000,40-59,1.04,0.6677138714354761,1.0,0.0,1.0
bcn20000,40-59,1.05,0.6677138714354761,1.0,0.0,1.0
bcn20000,40-59,1.06,0.6677138714354761,1.0,0.0,1.0
bcn20000,40-59,1.07,0.6677138714354761,1.0,0.0,1.0
bcn20000,40-59,1.08,0.6677138714354761,1.0,0.0,1.0
bcn20000,40-59,1.09,0.6677138714354761,1.0,0.0,1.0
bcn20000,40-59,1.1,0.6677138714354761,1.0,0.0,1.0
bcn20000,40-59,1.11,0.6677138714354761,1.0,0.0,1.0
bcn20000,40-59,1.12,0.6677138714354761,1.0,0.0,1.0
bcn20000,40-59,1.13,0.6677138714354761,1.0,0.0,1.0
bcn20000,40-59,1.14,0.6677138714354761,1.0,0.0,1.0
bcn20000,40-59,1.15,0.6677138714354761,1.0,0.0,1.0
bcn20000,40-59,1.16,0.6677138714354761,1.0,0.0,1.0
bcn20000,40-59,1.17,0.6677138714354761,1.0,0.0,1.0
bcn20000,40-59,1.18,0.6677138714354761,1.0,0.0,1.0
bcn20000,40-59,1.19,0.6677138714354761,1.0,0.0,1.0
bcn20000,40-59,1.2,0.6677138714354761,1.0,0.0,1.0
bcn20000,60+,0.0,3.674991388219084,0.4102685999524602,0.9168230143839899,0.32018601446779194
bcn20000,60+,0.01,3.652342404409232,0.4145471832659853,0.9149468417761101,0.3238029624526352
bcn20000,60+,0.02,3.6221150533930415,0.4200142619443784,0.9143214509068167,0.3279366172924561
bcn20000,60+,0.03,3.5957630037891835,0.4242928452579035,0.9124452782989368,0.33155356527729934
bcn20000,60+,0.04,3.5711333103685843,0.42857142857142855,0.906816760475297,0.33620392697209783
bcn20000,60+,0.05,3.5496899758870133,0.43237461373900643,0.9055659787367104,0.3393041681019635
bcn20000,60+,0.06,3.5212710988632447,0.43712859519847874,0.9036898061288305,0.34326558732345847
bcn20000,60+,0.07,3.5018945918015847,0.44069408129308296,0.9024390243902439,0.3461935928349983
bcn20000,60+,0.08,3.4833792628315536,0.4440218683147136,0.9011882426516573,0.3489493627282122
bcn20000,60+,0.09,3.4665862900447815,0.4471119562633706,0.900562851782364,0.3513606613847744
bcn20000,60+,0.1,3.428177747158112,0.4535298312336582,0.8955597248280175,0.35738890802617984
bcn20000,60+,0.11,3.4132793661729246,0.45614452103636793,0.8943089430894309,0.35962797106441613
bcn20000,60+,0.12,3.392697209782983,0.4599477062039458,0.8893058161350844,0.363761625904237
bcn20000,60+,0.13,3.361005856011023,0.46589018302828616,0.8886804252657912,0.36823975198070963
bcn20000,60+,0.14,3.336203926972098,0.47016876634181126,0.8868042526579112,0.3718566999655529
bcn20000,60+,0.15,3.298742679986221,0.4765866413120989,0.8836772983114447,0.3773682397519807
bcn20000,60+,0.16,3.27523251808474,0.4811029236985976,0.8799249530956847,0.38167413021012747
bcn20000,60+,0.17,3.2561143644505686,0.4849061088661754,0.8780487804878049,0.384946606958319
bcn20000,60+,0.18,3.220547709266276,0.4910862847634894,0.8736710444027517,0.3906303823630727
bcn20000,60+,0.19,3.1924733034791597,0.49631566436890895,0.8686679174484052,0.3957974509128488
bcn20000,60+,0.2,3.176283155356528,0.49940575231756595,0.866166353971232,0.39872545642438856
bcn20000,60+,0.21,3.158370651050637,0.502495840266223,0.8617886178861789,0.40217016879090595
bcn20000,60+,0.22,3.1394247330347915,0.5062990254338008,0.858036272670419,0.4059593523940751
bcn20000,60+,0.23,3.114019979331726,0.5110530068932732,0.8561601000625391,0.4099207716155701
bcn20000,60+,0.24,3.0835342748880468,0.5162823864986926,0.8555347091932458,0.4138821908370651
bcn20000,60+,0.25,3.051756803306924,0.5215117661041122,0.8524077548467792,0.4185325525318636
bcn20000,60+,0.26,3.0244574578022734,0.5267411457095317,0.8486554096310194,0.42335514984498795
bcn20000,60+,0.27,3.0068894247330347,0.530306631804136,0.8449030644152595,0.4269720978298312
bcn20000,60+,0.28,2.9764037202893556,0.5360114095555027,0.8380237648530331,0.43300034447123664
bcn20000,60+,0.29,2.953238029624526,0.5405276919420015,0.8361475922451532,0.4367895280744058
bcn20000,60+,0.3,2.9228384429900105,0.5462324696933682,0.83364602876798,0.44161212538753014
bcn20000,60+,0.31,2.892783327592146,0.5514618492987877,0.8317698561601,0.44591801584567686
bcn20000,60+,0.32,2.8644505683775403,0.5566912289042073,0.8273921200750469,0.4509128487771271
bcn20000,60+,0.33,2.835773337926283,0.5621583075826004,0.8242651657285803,0.45573544609025146
bcn20000,60+,0.34,2.799259386841199,0.5688138816258617,0.8186366479049406,0.46210816396830867
bcn20000,60+,0.35,2.7712710988632447,0.5738055621583076,0.8117573483427142,0.4676197037547365
bcn20000,60+,0.36,2.7375990354805375,0.5795103399096744,0.8036272670419012,0.47399242163279365
bcn20000,60+,0.37,2.702549087151223,0.5859282148799619,0.801125703564728,0.4793317258008956
bcn20000,60+,0.38,2.6619014812263178,0.593296886142144,0.7954971857410882,0.4862211505339304
bcn20000,60+,0.39,2.6302101274543577,0.5992393629664844,0.7917448405253283,0.49156045470203236
bcn20000,60+,0.4,2.596451946262487,0.6051818397908248,0.7867417135709819,0.4972442301067861
bcn20000,60+,0.41,2.559421288322425,0.6113620156881389,0.7817385866166354,0.5031002411298656
bcn20000,60+,0.42,2.528935583878746,0.616829094366532,0.7779862414008756,0.5080950740613159
bcn20000,60+,0.43,2.5022390630382363,0.6220584739719515,0.7673545966228893,0.5148122631760248
bcn20000,60+,0.44,2.4614192214950052,0.6289517470881864,0.7642276422764228,0.5206682741991043
bcn20000,60+,0.45,2.4224939717533585,0.6363204183503685,0.7598499061913696,0.5272132276954874
bcn20000,60+,0.46,2.3767654150878403,0.644639885904445,0.756722951844903,0.5341026524285222
bcn20000,60+,0.47,2.34007922838443,0.6512954599477062,0.7517198248905566,0.5403031346882535
bcn20000,60+,0.48,2.2903892524974165,0.6603280247207036,0.7492182614133833,0.54753703065794
bcn20000,60+,0.49,2.2515501205649326,0.6674589969099121,0.7429643527204502,0.5544264553909749
bcn20000,60+,0.5,2.2251980709610746,0.6729260755883052,0.734208880550344,0.5607991732690321
bcn20000,60+,0.51,2.1700826730967964,0.682909436653197,0.7292057535959975,0.5694109541853255
bcn20000,60+,0.52,2.143127798828798,0.6876634181126694,0.7229518449030644,0.5745780227351016
bcn20000,60+,0.53,2.095332414743369,0.6964582838126931,0.7123202001250781,0.5838787461246986
bcn20000,60+,0.54,2.0602824664140544,0.7031138578559544,0.7041901188242652,0.5909404064760593
bcn20000,60+,0.55,2.0286772304512573,0.7090563346802947,0.6941838649155723,0.59800206682742
bcn20000,60+,0.56,1.9913882190837064,0.7161873068695032,0.6841776110068793,0.6059249052704099
bcn20000,60+,0.57,1.9493627282121944,0.7240313762776325,0.6785490931832395,0.6131588012400965
bcn20000,60+,0.58,1.894161212538753,0.7335393391965771,0.6729205753595997,0.6215983465380641
bcn20000,60+,0.59,1.8622115053393042,0.7399572141668648,0.6666666666666666,0.6279710644161213
bcn20000,60+,0.6,1.826730967964175,0.7468504872830996,0.6585365853658537,0.6352049603858078
bcn20000,60+,0.61,1.7837581811918706,0.7546945566912289,0.6522826766729206,0.6426110919738202
bcn20000,60+,0.62,1.7535308301756802,0.7599239362966485,0.6410256410256411,0.6495005167068549
bcn20000,60+,0.63,1.7094385118842577,0.768243403850725,0.632895559724828,0.6577678263864968
bcn20000,60+,0.64,1.6815363417154667,0.7734727834561446,0.6210131332082551,0.6648294867378574
bcn20000,60+,0.65,1.6544953496383052,0.7789398621345377,0.6141338336460288,0.670685497760937
bcn20000,60+,0.66,1.6172924560799173,0.7855954361777989,0.6066291432145091,0.6775749224939718
bcn20000,60+,0.67,1.5858594557354462,0.7913002139291657,0.5991244527829893,0.683775404753703
bcn20000,60+,0.68,1.5559765759559077,0.7970049916805324,0.5928705440900562,0.6896314157767827
bcn20000,60+,0.69,1.526610403031347,0.8029474685048729,0.5841150719199499,0.6963486048914915
bcn20000,60+,0.7,1.5029280055115397,0.8077014499643451,0.575984990619137,0.7020323802962453
bcn20000,60+,0.71,1.4719255942128833,0.8136439267886856,0.5616010006253909,0.710299689975887
bcn20000,60+,0.72,1.4387702376851532,0.8193487045400523,0.557848655409631,0.7154667585256631
bcn20000,60+,0.73,1.396830864622804,0.8274304730211552,0.5509693558474046,0.7232173613503272
bcn20000,60+,0.74,1.3511023079572855,0.8352745424292846,0.5422138836772983,0.7313124354116431
bcn20000,60+,0.75,1.312349293833965,0.8428809127644402,0.5284552845528455,0.7406131588012401
bcn20000,60+,0.76,1.2783327592146057,0.8488233895887806,0.5215759849906192,0.7468136410609714
bcn20000,60+,0.77,1.2469858766792974,0.8545281673401474,0.5078173858661663,0.7547364795039614
bcn20000,60+,0.78,1.2139166379607302,0.8602329450915142,0.4965603502188868,0.761970375473648
bcn20000,60+,0.79,1.1848088184636583,0.865937722842881,0.4834271419637273,0.7697209782983121
bcn20000,60+,0.8,1.1367550809507405,0.8754456857618256,0.4727954971857411,0.7795384085428867
bcn20000,60+,0.81,1.1052359627971065,0.8813881625861659,0.4634146341463415,0.7864278332759215
bcn20000,60+,0.82,1.0638994143988978,0.8892322319942952,0.43964978111319575,0.7986565621770582
bcn20000,60+,0.83,1.0334998277643817,0.8951747088186356,0.425891181988743,0.8067516362383741
bcn20000,60+,0.84,1.0022390630382363,0.9018302828618968,0.40963101938711693,0.8160523596279711
bcn20000,60+,0.85,0.9753703065794006,0.9068219633943427,0.3983739837398374,0.8227695487426799
bcn20000,60+,0.86,0.9452290733723734,0.9122890420727359,0.3877423389618512,0.8296589734757148
bcn20000,60+,0.87,0.9090595935239407,0.9187069170430235,0.37460913070669166,0.8379262831553566
bcn20000,60+,0.88,0.8738374095763004,0.9253624910862848,0.3602251407129456,0.8467102996899759
bcn20000,60+,0.89,0.842576644850155,0.9315426669835988,0.34083802376485306,0.8565277299345505
bcn20000,60+,0.9,0.8180330692387185,0.9367720465890182,0.31894934333958724,0.866345160179125
bcn20000,60+,0.91,0.7794522907337237,0.9441407178512004,0.3008130081300813,0.8766792972786772
bcn20000,60+,0.92,0.7429383396486393,0.9512716900404088,0.2782989368355222,0.8880468480881847
bcn20000,60+,0.93,0.7109886324491905,0.9579272640836701,0.2501563477173233,0.9006200482259731
bcn20000,60+,0.94,0.6890285911126421,0.9624435464701687,0.2257661038148843,0.9106097140888736
bcn20000,60+,0.95,0.6459696865311746,0.9714761112431661,0.1938711694809256,0.925938684119876
bcn20000,60+,0.96,0.6080778504994833,0.9790824815783219,0.16135084427767354,0.9404064760592491
bcn20000,60+,0.97,0.5828453324147433,0.9850249584026622,0.10819262038774234,0.9593523940750948
bcn20000,60+,0.98,0.5583878746124699,0.9912051342999763,0.05190744215134459,0.9793317258008957
bcn20000,60+,0.99,0.5404753703065794,0.9961968148324222,0.001876172607879925,0.9967275232518085
bcn20000,60+,1.0,0.517223561832587,1.0,0.0,1.0
bcn20000,60+,1.01,0.517223561832587,1.0,0.0,1.0
bcn20000,60+,1.02,0.517223561832587,1.0,0.0,1.0
bcn20000,60+,1.03,0.517223561832587,1.0,0.0,1.0
bcn20000,60+,1.04,0.517223561832587,1.0,0.0,1.0
bcn20000,60+,1.05,0.517223561832587,1.0,0.0,1.0
bcn20000,60+,1.06,0.517223561832587,1.0,0.0,1.0
bcn20000,60+,1.07,0.517223561832587,1.0,0.0,1.0
bcn20000,60+,1.08,0.517223561832587,1.0,0.0,1.0
bcn20000,60+,1.09,0.517223561832587,1.0,0.0,1.0
bcn20000,60+,1.1,0.517223561832587,1.0,0.0,1.0
bcn20000,60+,1.11,0.517223561832587,1.0,0.0,1.0
bcn20000,60+,1.12,0.517223561832587,1.0,0.0,1.0
bcn20000,60+,1.13,0.517223561832587,1.0,0.0,1.0
bcn20000,60+,1.14,0.517223561832587,1.0,0.0,1.0
bcn20000,60+,1.15,0.517223561832587,1.0,0.0,1.0
bcn20000,60+,1.16,0.517223561832587,1.0,0.0,1.0
bcn20000,60+,1.17,0.517223561832587,1.0,0.0,1.0
bcn20000,60+,1.18,0.517223561832587,1.0,0.0,1.0
bcn20000,60+,1.19,0.517223561832587,1.0,0.0,1.0
bcn20000,60+,1.2,0.517223561832587,1.0,0.0,1.0
mskcc,<40,0.0,0.3505291005291005,0.3333333333333333,0.9791666666666666,0.03571428571428571
mskcc,<40,0.01,0.3505291005291005,0.3333333333333333,0.9791666666666666,0.03571428571428571
mskcc,<40,0.02,0.3505291005291005,0.3333333333333333,0.9791666666666666,0.03571428571428571
mskcc,<40,0.03,0.3505291005291005,0.3333333333333333,0.9791666666666666,0.03571428571428571
mskcc,<40,0.04,0.3373015873015873,0.3611111111111111,0.9791666666666666,0.037037037037037035
mskcc,<40,0.05,0.3373015873015873,0.3611111111111111,0.9791666666666666,0.037037037037037035
mskcc,<40,0.06,0.3373015873015873,0.3611111111111111,0.9791666666666666,0.037037037037037035
mskcc,<40,0.07,0.3386243386243386,0.3611111111111111,0.9777777777777777,0.03835978835978836
mskcc,<40,0.08,0.3386243386243386,0.3611111111111111,0.9777777777777777,0.03835978835978836
mskcc,<40,0.09,0.3386243386243386,0.3611111111111111,0.9777777777777777,0.03835978835978836
mskcc,<40,0.1,0.33994708994708994,0.3611111111111111,0.9763888888888889,0.03968253968253968
mskcc,<40,0.11,0.33994708994708994,0.3611111111111111,0.9763888888888889,0.03968253968253968
mskcc,<40,0.12,0.328042328042328,0.3888888888888889,0.9763888888888889,0.041005291005291
mskcc,<40,0.13,0.328042328042328,0.3888888888888889,0.9763888888888889,0.041005291005291
mskcc,<40,0.14,0.330026455026455,0.3888888888888889,0.9736111111111111,0.04365079365079365
mskcc,<40,0.15,0.330026455026455,0.3888888888888889,0.9736111111111111,0.04365079365079365
mskcc,<40,0.16,0.33134920634920634,0.3888888888888889,0.9722222222222222,0.04497354497354497
mskcc,<40,0.17,0.33134920634920634,0.3888888888888889,0.9722222222222222,0.04497354497354497
mskcc,<40,0.18,0.33134920634920634,0.3888888888888889,0.9722222222222222,0.04497354497354497
mskcc,<40,0.19,0.33134920634920634,0.3888888888888889,0.9722222222222222,0.04497354497354497
mskcc,<40,0.2,0.3353174603174603,0.3888888888888889,0.9680555555555556,0.04894179894179894
mskcc,<40,0.21,0.33664021164021163,0.3888888888888889,0.9666666666666667,0.05026455026455026
mskcc,<40,0.22,0.33664021164021163,0.3888888888888889,0.9666666666666667,0.05026455026455026
mskcc,<40,0.23,0.3386243386243386,0.3888888888888889,0.9638888888888889,0.05291005291005291
mskcc,<40,0.24,0.3386243386243386,0.3888888888888889,0.9638888888888889,0.05291005291005291
mskcc,<40,0.25,0.3386243386243386,0.3888888888888889,0.9638888888888889,0.05291005291005291
mskcc,<40,0.26,0.33994708994708994,0.3888888888888889,0.9625,0.05423280423280423
mskcc,<40,0.27,0.3419312169312169,0.3888888888888889,0.9597222222222223,0.056878306878306875
mskcc,<40,0.28,0.3287037037037037,0.4166666666666667,0.9597222222222223,0.0582010582010582
mskcc,<40,0.29,0.33134920634920634,0.4166666666666667,0.9569444444444445,0.06084656084656084
mskcc,<40,0.3,0.33134920634920634,0.4166666666666667,0.9569444444444445,0.06084656084656084
mskcc,<40,0.31,0.3326719576719577,0.4166666666666667,0.9555555555555556,0.062169312169312166
mskcc,<40,0.32,0.333994708994709,0.4166666666666667,0.9541666666666667,0.06349206349206349
mskcc,<40,0.33,0.33664021164021163,0.4166666666666667,0.9513888888888888,0.06613756613756613
mskcc,<40,0.34,0.3392857142857143,0.4166666666666667,0.9486111111111111,0.06878306878306878
mskcc,<40,0.35,0.3419312169312169,0.4166666666666667,0.9458333333333333,0.07142857142857142
mskcc,<40,0.36,0.3445767195767196,0.4166666666666667,0.9430555555555555,0.07407407407407407
mskcc,<40,0.37,0.3445767195767196,0.4166666666666667,0.9430555555555555,0.07407407407407407
mskcc,<40,0.38,0.34854497354497355,0.4166666666666667,0.9388888888888889,0.07804232804232804
mskcc,<40,0.39,0.3492063492063492,0.4166666666666667,0.9375,0.07936507936507936
mskcc,<40,0.4,0.35185185185185186,0.4166666666666667,0.9347222222222222,0.082010582010582
mskcc,<40,0.41,0.35185185185185186,0.4166666666666667,0.9347222222222222,0.082010582010582
mskcc,<40,0.42,0.3531746031746032,0.4166666666666667,0.9333333333333333,0.08333333333333333
mskcc,<40,0.43,0.3544973544973545,0.4166666666666667,0.9319444444444445,0.08465608465608465
mskcc,<40,0.44,0.3544973544973545,0.4166666666666667,0.9319444444444445,0.08465608465608465
mskcc,<40,0.45,0.3544973544973545,0.4166666666666667,0.9319444444444445,0.08465608465608465
mskcc,<40,0.46,0.3558201058201058,0.4166666666666667,0.9305555555555556,0.08597883597883597
mskcc,<40,0.47,0.35978835978835977,0.4166666666666667,0.9263888888888889,0.08994708994708994
mskcc,<40,0.48,0.35978835978835977,0.4166666666666667,0.9263888888888889,0.08994708994708994
mskcc,<40,0.49,0.36044973544973546,0.4166666666666667,0.925,0.09126984126984126
mskcc,<40,0.5,0.3637566137566138,0.4166666666666667,0.9208333333333333,0.09523809523809523
mskcc,<40,0.51,0.36706349206349204,0.4166666666666667,0.9166666666666666,0.0992063492063492
mskcc,<40,0.52,0.37103174603174605,0.4166666666666667,0.9125,0.10317460317460317
mskcc,<40,0.53,0.37103174603174605,0.4166666666666667,0.9125,0.10317460317460317
mskcc,<40,0.54,0.375,0.4166666666666667,0.9083333333333333,0.10714285714285714
mskcc,<40,0.55,0.3644179894179894,0.4444444444444444,0.9055555555555556,0.1111111111111111
mskcc,<40,0.56,0.36706349206349204,0.4444444444444444,0.9027777777777778,0.11375661375661375
mskcc,<40,0.57,0.3683862433862434,0.4444444444444444,0.9013888888888889,0.11507936507936507
mskcc,<40,0.58,0.3584656084656085,0.4722222222222222,0.8972222222222223,0.12037037037037036
mskcc,<40,0.59,0.36177248677248675,0.4722222222222222,0.8930555555555556,0.12433862433862433
mskcc,<40,0.6,0.36706349206349204,0.4722222222222222,0.8875,0.12962962962962962
mskcc,<40,0.61,0.3425925925925926,0.5277777777777778,0.8847222222222222,0.1349206349206349
mskcc,<40,0.62,0.34523809523809523,0.5277777777777778,0.8819444444444444,0.13756613756613756
mskcc,<40,0.63,0.3333333333333333,0.5555555555555556,0.8805555555555555,0.1402116402116402
mskcc,<40,0.64,0.33465608465608465,0.5555555555555556,0.8791666666666667,0.14153439153439154
mskcc,<40,0.65,0.3373015873015873,0.5555555555555556,0.8763888888888889,0.14417989417989419
mskcc,<40,0.66,0.3412698412698413,0.5555555555555556,0.8722222222222222,0.14814814814814814
mskcc,<40,0.67,0.3445767195767196,0.5555555555555556,0.8680555555555556,0.15211640211640212
mskcc,<40,0.68,0.3472222222222222,0.5555555555555556,0.8652777777777778,0.15476190476190477
mskcc,<40,0.69,0.35648148148148145,0.5555555555555556,0.8555555555555555,0.164021164021164
mskcc,<40,0.7,0.36177248677248675,0.5555555555555556,0.85,0.1693121693121693
mskcc,<40,0.71,0.3630952380952381,0.5555555555555556,0.8486111111111111,0.17063492063492064
mskcc,<40,0.72,0.3697089947089947,0.5555555555555556,0.8416666666666667,0.17724867724867724
mskcc,<40,0.73,0.3776455026455027,0.5555555555555556,0.8319444444444445,0.1865079365079365
mskcc,<40,0.74,0.3776455026455027,0.5555555555555556,0.8319444444444445,0.1865079365079365
mskcc,<40,0.75,0.37896825396825395,0.5555555555555556,0.8305555555555556,0.18783068783068782
mskcc,<40,0.76,0.3816137566137566,0.5555555555555556,0.8277777777777777,0.19047619047619047
mskcc,<40,0.77,0.3888888888888889,0.5555555555555556,0.8194444444444444,0.1984126984126984
mskcc,<40,0.78,0.36904761904761907,0.6111111111111112,0.8125,0.20767195767195767
mskcc,<40,0.79,0.3637566137566138,0.6388888888888888,0.8041666666666667,0.21693121693121692
mskcc,<40,0.8,0.36904761904761907,0.6388888888888888,0.7986111111111112,0.2222222222222222
mskcc,<40,0.81,0.375,0.6388888888888888,0.7916666666666666,0.22883597883597884
mskcc,<40,0.82,0.38425925925925924,0.6388888888888888,0.7819444444444444,0.23809523809523808
mskcc,<40,0.83,0.38822751322751325,0.6388888888888888,0.7763888888888889,0.24338624338624337
mskcc,<40,0.84,0.38425925925925924,0.6666666666666666,0.7666666666666667,0.25396825396825395
mskcc,<40,0.85,0.39087301587301587,0.6666666666666666,0.7597222222222222,0.2605820105820106
mskcc,<40,0.86,0.39880952380952384,0.6666666666666666,0.7513888888888889,0.26851851851851855
mskcc,<40,0.87,0.41865079365079366,0.6666666666666666,0.7305555555555555,0.28835978835978837
mskcc,<40,0.88,0.4312169312169312,0.6666666666666666,0.7166666666666667,0.30158730158730157
mskcc,<40,0.89,0.4444444444444444,0.6666666666666666,0.7027777777777777,0.3148148148148148
mskcc,<40,0.9,0.46164021164021163,0.6666666666666666,0.6847222222222222,0.33201058201058203
mskcc,<40,0.91,0.4748677248677249,0.6666666666666666,0.6708333333333333,0.34523809523809523
mskcc,<40,0.92,0.49404761904761907,0.6666666666666666,0.65,0.36507936507936506
mskcc,<40,0.93,0.4742063492063492,0.75,0.6305555555555555,0.38756613756613756
mskcc,<40,0.94,0.49933862433862436,0.7777777777777778,0.5902777777777778,0.42724867724867727
mskcc,<40,0.95,0.5205026455026455,0.8055555555555556,0.5541666666666667,0.46296296296296297
mskcc,<40,0.96,0.5654761904761905,0.8333333333333334,0.4930555555555556,0.5224867724867724
mskcc,<40,0.97,0.6183862433862434,0.9166666666666666,0.3958333333333333,0.6190476190476191
mskcc,<40,0.98,0.7724867724867724,0.9722222222222222,0.20555555555555555,0.8029100529100529
mskcc,<40,0.99,0.951058201058201,1.0,0.004166666666666667,0.996031746031746
mskcc,<40,1.0,0.955026455026455,1.0,0.0,1.0
mskcc,<40,1.01,0.955026455026455,1.0,0.0,1.0
mskcc,<40,1.02,0.955026455026455,1.0,0.0,1.0
mskcc,<40,1.03,0.955026455026455,1.0,0.0,1.0
mskcc,<40,1.04,0.955026455026455,1.0,0.0,1.0
mskcc,<40,1.05,0.955026455026455,1.0,0.0,1.0
mskcc,<40,1.06,0.955026455026455,1.0,0.0,1.0
mskcc,<40,1.07,0.955026455026455,1.0,0.0,1.0
mskcc,<40,1.08,0.955026455026455,1.0,0.0,1.0
mskcc,<40,1.09,0.955026455026455,1.0,0.0,1.0
mskcc,<40,1.1,0.955026455026455,1.0,0.0,1.0
mskcc,<40,1.11,0.955026455026455,1.0,0.0,1.0
mskcc,<40,1.12,0.955026455026455,1.0,0.0,1.0
mskcc,<40,1.13,0.955026455026455,1.0,0.0,1.0
mskcc,<40,1.14,0.955026455026455,1.0,0.0,1.0
mskcc,<40,1.15,0.955026455026455,1.0,0.0,1.0
mskcc,<40,1.16,0.955026455026455,1.0,0.0,1.0
mskcc,<40,1.17,0.955026455026455,1.0,0.0,1.0
mskcc,<40,1.18,0.955026455026455,1.0,0.0,1.0
mskcc,<40,1.19,0.955026455026455,1.0,0.0,1.0
mskcc,<40,1.2,0.955026455026455,1.0,0.0,1.0
mskcc,40-59,0.0,1.2309552599758162,0.22764227642276422,0.9616477272727273,0.06650544135429262
mskcc,40-59,0.01,1.2309552599758162,0.22764227642276422,0.9616477272727273,0.06650544135429262
mskcc,40-59,0.02,1.218863361547763,0.23577235772357724,0.9616477272727273,0.06771463119709795
mskcc,40-59,0.03,1.2200725513905684,0.23577235772357724,0.9602272727272727,0.06892382103990327
mskcc,40-59,0.04,1.2218863361547763,0.23577235772357724,0.9573863636363636,0.07134220072551391
mskcc,40-59,0.05,1.211608222490931,0.24390243902439024,0.9545454545454546,0.07496977025392987
mskcc,40-59,0.06,1.2128174123337363,0.24390243902439024,0.953125,0.0761789600967352
mskcc,40-59,0.07,1.2128174123337363,0.24390243902439024,0.953125,0.0761789600967352
mskcc,40-59,0.08,1.2128174123337363,0.24390243902439024,0.953125,0.0761789600967352
mskcc,40-59,0.09,1.2140266021765418,0.24390243902439024,0.9517045454545454,0.0773881499395405
mskcc,40-59,0.1,1.2140266021765418,0.24390243902439024,0.9517045454545454,0.0773881499395405
mskcc,40-59,0.11,1.215235792019347,0.24390243902439024,0.9502840909090909,0.07859733978234583
mskcc,40-59,0.12,1.2043530834340992,0.25203252032520324,0.9488636363636364,0.08101571946795647
mskcc,40-59,0.13,1.1934703748488513,0.2601626016260163,0.9474431818181818,0.08343409915356712
mskcc,40-59,0.14,1.181378476420798,0.2682926829268293,0.9474431818181818,0.08464328899637243
mskcc,40-59,0.15,1.181378476420798,0.2682926829268293,0.9474431818181818,0.08464328899637243
mskcc,40-59,0.16,1.1692865779927448,0.2764227642276423,0.9474431818181818,0.08585247883917775
mskcc,40-59,0.17,1.1692865779927448,0.2764227642276423,0.9474431818181818,0.08585247883917775
mskcc,40-59,0.18,1.17049576783555,0.2764227642276423,0.9460227272727273,0.08706166868198308
mskcc,40-59,0.19,1.1717049576783556,0.2764227642276423,0.9431818181818182,0.08948004836759371
mskcc,40-59,0.2,1.1596130592503022,0.2845528455284553,0.9431818181818182,0.09068923821039904
mskcc,40-59,0.21,1.1608222490931077,0.2845528455284553,0.9417613636363636,0.09189842805320435
mskcc,40-59,0.22,1.1608222490931077,0.2845528455284553,0.9417613636363636,0.09189842805320435
mskcc,40-59,0.23,1.1608222490931077,0.2845528455284553,0.9417613636363636,0.09189842805320435
mskcc,40-59,0.24,1.1614268440145104,0.2845528455284553,0.9403409090909091,0.09310761789600967
mskcc,40-59,0.25,1.1626360338573156,0.2845528455284553,0.9389204545454546,0.094316807738815
mskcc,40-59,0.26,1.1668681983071343,0.2845528455284553,0.9332386363636364,0.09915356711003627
mskcc,40-59,0.27,1.1590084643288996,0.2926829268292683,0.9289772727272727,0.10399032648125756
mskcc,40-59,0.28,1.1608222490931077,0.2926829268292683,0.9261363636363636,0.10640870616686819
mskcc,40-59,0.29,1.1511487303506651,0.3008130081300813,0.9247159090909091,0.10882708585247884
mskcc,40-59,0.3,1.1541717049576783,0.3008130081300813,0.9204545454545454,0.1124546553808948
mskcc,40-59,0.31,1.1311970979443773,0.3170731707317073,0.9190340909090909,0.11608222490931076
mskcc,40-59,0.32,1.1311970979443773,0.3170731707317073,0.9190340909090909,0.11608222490931076
mskcc,40-59,0.33,1.1191051995163241,0.3252032520325203,0.9190340909090909,0.11729141475211609
mskcc,40-59,0.34,1.1191051995163241,0.3252032520325203,0.9190340909090909,0.11729141475211609
mskcc,40-59,0.35,1.1203143893591294,0.3252032520325203,0.9161931818181818,0.11970979443772672
mskcc,40-59,0.36,1.1239419588875454,0.3252032520325203,0.9119318181818182,0.12333736396614269
mskcc,40-59,0.37,1.1251511487303507,0.3252032520325203,0.9105113636363636,0.12454655380894801
mskcc,40-59,0.38,1.1251511487303507,0.3252032520325203,0.9105113636363636,0.12454655380894801
mskcc,40-59,0.39,1.1275695284159613,0.3252032520325203,0.9076704545454546,0.12696493349455865
mskcc,40-59,0.4,1.1293833131801694,0.3252032520325203,0.9048295454545454,0.1293833131801693
mskcc,40-59,0.41,1.129987908101572,0.3252032520325203,0.9034090909090909,0.13059250302297462
mskcc,40-59,0.42,1.1064087061668681,0.34146341463414637,0.9019886363636364,0.13422007255139057
mskcc,40-59,0.43,1.1064087061668681,0.34146341463414637,0.9019886363636364,0.13422007255139057
mskcc,40-59,0.44,1.0949214026602176,0.34959349593495936,0.9005681818181818,0.13663845223700122
mskcc,40-59,0.45,1.0870616686819832,0.35772357723577236,0.8963068181818182,0.1414752116082225
mskcc,40-59,0.46,1.0912938331318016,0.35772357723577236,0.890625,0.14631197097944376
mskcc,40-59,0.47,1.094316807738815,0.35772357723577236,0.8863636363636364,0.14993954050785974
mskcc,40-59,0.48,1.094316807738815,0.35772357723577236,0.8863636363636364,0.14993954050785974
mskcc,40-59,0.49,1.097944377267231,0.35772357723577236,0.8821022727272727,0.15356711003627568
mskcc,40-59,0.5,1.1015719467956469,0.35772357723577236,0.8778409090909091,0.15719467956469166
mskcc,40-59,0.51,1.1112454655380894,0.35772357723577236,0.8650568181818182,0.16807738814993953
mskcc,40-59,0.52,1.1027811366384523,0.36585365853658536,0.8607954545454546,0.17291414752116083
mskcc,40-59,0.53,1.1076178960096734,0.36585365853658536,0.8536931818181818,0.17896009673518742
mskcc,40-59,0.54,1.090689238210399,0.3821138211382114,0.8423295454545454,0.19105199516324062
mskcc,40-59,0.55,1.0918984280532043,0.3821138211382114,0.8409090909090909,0.19226118500604594
mskcc,40-59,0.56,1.097944377267231,0.3821138211382114,0.8338068181818182,0.19830713422007254
mskcc,40-59,0.57,1.0876662636033858,0.3902439024390244,0.8309659090909091,0.20193470374848851
mskcc,40-59,0.58,1.0900846432889963,0.3902439024390244,0.828125,0.20435308343409916
mskcc,40-59,0.59,1.0918984280532043,0.3902439024390244,0.8252840909090909,0.2067714631197098
mskcc,40-59,0.6,1.071342200725514,0.4065040650406504,0.8224431818181818,0.21160822249093109
mskcc,40-59,0.61,1.0610640870616688,0.4146341463414634,0.8196022727272727,0.21523579201934703
mskcc,40-59,0.62,1.050181378476421,0.42276422764227645,0.8167613636363636,0.218863361547763
mskcc,40-59,0.63,1.0423216444981862,0.43089430894308944,0.8110795454545454,0.2249093107617896
mskcc,40-59,0.64,1.0465538089480049,0.43089430894308944,0.8053977272727273,0.22974607013301088
mskcc,40-59,0.65,1.0513905683192262,0.43089430894308944,0.7982954545454546,0.23579201934703747
mskcc,40-59,0.66,1.0417170495767836,0.43902439024390244,0.7954545454545454,0.23941958887545345
mskcc,40-59,0.67,1.0435308343409915,0.43902439024390244,0.7926136363636364,0.2418379685610641
mskcc,40-59,0.68,1.0259975816203144,0.45528455284552843,0.7855113636363636,0.2503022974607013
mskcc,40-59,0.69,1.0308343409915357,0.45528455284552843,0.7798295454545454,0.2551390568319226
mskcc,40-59,0.7,1.0344619105199517,0.45528455284552843,0.7755681818181818,0.2587666263603386
mskcc,40-59,0.71,1.0259975816203144,0.4634146341463415,0.7713068181818182,0.26360338573155984
mskcc,40-59,0.72,1.0066505441354292,0.4796747967479675,0.765625,0.2708585247883918
mskcc,40-59,0.73,1.0012091898428053,0.4878048780487805,0.7571022727272727,0.279322853688029
mskcc,40-59,0.74,1.0096735187424426,0.4878048780487805,0.7457386363636364,0.2889963724304716
mskcc,40-59,0.75,1.0157194679564692,0.4878048780487805,0.7372159090909091,0.2962515114873035
mskcc,40-59,0.76,0.9909310761789601,0.5121951219512195,0.7230113636363636,0.31197097944377267
mskcc,40-59,0.77,0.9824667472793228,0.5203252032520326,0.71875,0.31680773881499397
mskcc,40-59,0.78,0.9613059250302297,0.5365853658536586,0.7144886363636364,0.32285368802902054
mskcc,40-59,0.79,0.9534461910519951,0.5447154471544715,0.7088068181818182,0.32889963724304716
mskcc,40-59,0.8,0.9461910519951633,0.5528455284552846,0.703125,0.3349455864570738
mskcc,40-59,0.81,0.9534461910519951,0.5528455284552846,0.6946022727272727,0.3422007255139057
mskcc,40-59,0.82,0.9570737605804112,0.5528455284552846,0.6889204545454546,0.347037484885127
mskcc,40-59,0.83,0.9528415961305925,0.5609756097560976,0.6789772727272727,0.3567110036275695
mskcc,40-59,0.84,0.9467956469165659,0.5691056910569106,0.671875,0.3639661426844015
mskcc,40-59,0.85,0.9582829504232164,0.5691056910569106,0.65625,0.37726723095526
mskcc,40-59,0.86,0.9437726723095526,0.5853658536585366,0.6434659090909091,0.3905683192261185
mskcc,40-59,0.87,0.93409915356711,0.6016260162601627,0.6264204545454546,0.407496977025393
mskcc,40-59,0.88,0.9486094316807738,0.6016260162601627,0.6065340909090909,0.4244256348246675
mskcc,40-59,0.89,0.9268440145102781,0.6260162601626016,0.5894886363636364,0.44256348246674726
mskcc,40-59,0.9,0.8905683192261185,0.6585365853658537,0.5738636363636364,0.4607013301088271
mskcc,40-59,0.91,0.8724304715840387,0.6829268292682927,0.5553977272727273,0.4800483675937122
mskcc,40-59,0.92,0.8651753325272068,0.6991869918699187,0.5326704545454546,0.501813784764208
mskcc,40-59,0.93,0.8814993954050786,0.7073170731707317,0.49857954545454547,0.532043530834341
mskcc,40-59,0.94,0.8851269649334945,0.7317073170731707,0.453125,0.5743651753325272
mskcc,40-59,0.95,0.813180169286578,0.8048780487804879,0.40767045454545453,0.6239419588875453
mskcc,40-59,0.96,0.8222490931076178,0.8373983739837398,0.3380681818181818,0.6880290205562273
mskcc,40-59,0.97,0.8119709794437727,0.8943089430894309,0.25142045454545453,0.7702539298669892
mskcc,40-59,0.98,0.837968561064087,0.9512195121951219,0.11931818181818182,0.8911729141475212
mskcc,40-59,0.99,0.8681983071342201,1.0,0.0014204545454545455,0.9987908101571947
mskcc,40-59,1.0,0.8694074969770254,1.0,0.0,1.0
mskcc,40-59,1.01,0.8694074969770254,1.0,0.0,1.0
mskcc,40-59,1.02,0.8694074969770254,1.0,0.0,1.0
mskcc,40-59,1.03,0.8694074969770254,1.0,0.0,1.0
mskcc,40-59,1.04,0.8694074969770254,1.0,0.0,1.0
mskcc,40-59,1.05,0.8694074969770254,1.0,0.0,1.0
mskcc,40-59,1.06,0.8694074969770254,1.0,0.0,1.0
mskcc,40-59,1.07,0.8694074969770254,1.0,0.0,1.0
mskcc,40-59,1.08,0.8694074969770254,1.0,0.0,1.0
mskcc,40-59,1.09,0.8694074969770254,1.0,0.0,1.0
mskcc,40-59,1.1,0.8694074969770254,1.0,0.0,1.0
mskcc,40-59,1.11,0.8694074969770254,1.0,0.0,1.0
mskcc,40-59,1.12,0.8694074969770254,1.0,0.0,1.0
mskcc,40-59,1.13,0.8694074969770254,1.0,0.0,1.0
mskcc,40-59,1.14,0.8694074969770254,1.0,0.0,1.0
mskcc,40-59,1.15,0.8694074969770254,1.0,0.0,1.0
mskcc,40-59,1.16,0.8694074969770254,1.0,0.0,1.0
mskcc,40-59,1.17,0.8694074969770254,1.0,0.0,1.0
mskcc,40-59,1.18,0.8694074969770254,1.0,0.0,1.0
mskcc,40-59,1.19,0.8694074969770254,1.0,0.0,1.0
mskcc,40-59,1.2,0.8694074969770254,1.0,0.0,1.0
mskcc,60+,0.0,2.520792079207921,0.2554517133956386,0.9158200290275762,0.13861386138613863
mskcc,60+,0.01,2.501980198019802,0.2616822429906542,0.9143686502177069,0.14158415841584157
mskcc,60+,0.02,2.492574257425743,0.26479750778816197,0.9129172714078374,0.14356435643564355
mskcc,60+,0.03,2.483663366336634,0.26791277258566976,0.9129172714078374,0.14455445544554454
mskcc,60+,0.04,2.484653465346535,0.26791277258566976,0.9114658925979681,0.14554455445544554
mskcc,60+,0.05,2.487128712871287,0.26791277258566976,0.9071117561683599,0.1485148514851485
mskcc,60+,0.06,2.488118811881188,0.26791277258566976,0.9056603773584906,0.1495049504950495
mskcc,60+,0.07,2.489108910891089,0.26791277258566976,0.9042089985486212,0.1504950495049505
mskcc,60+,0.08,2.47970297029703,0.27102803738317754,0.9027576197387518,0.15247524752475247
mskcc,60+,0.09,2.4702970297029703,0.27414330218068533,0.9013062409288825,0.15445544554455445
mskcc,60+,0.1,2.471782178217822,0.27414330218068533,0.8984034833091437,0.15643564356435644
mskcc,60+,0.11,2.461881188118812,0.2772585669781931,0.8984034833091437,0.15742574257425743
mskcc,60+,0.12,2.4430693069306932,0.2834890965732087,0.8984034833091437,0.1594059405940594
mskcc,60+,0.13,2.4341584158415843,0.2866043613707165,0.8969521044992743,0.1613861386138614
mskcc,60+,0.14,2.4148514851485148,0.29283489096573206,0.895500725689405,0.16435643564356436
mskcc,60+,0.15,2.4064356435643566,0.29595015576323985,0.8940493468795355,0.16633663366336635
mskcc,60+,0.16,2.4074257425742576,0.29595015576323985,0.8911465892597968,0.16831683168316833
mskcc,60+,0.17,2.4074257425742576,0.29595015576323985,0.8911465892597968,0.16831683168316833
mskcc,60+,0.18,2.3985148514851486,0.29906542056074764,0.8911465892597968,0.16930693069306932
mskcc,60+,0.19,2.3985148514851486,0.29906542056074764,0.8911465892597968,0.16930693069306932
mskcc,60+,0.2,2.3995049504950496,0.29906542056074764,0.8896952104499274,0.1702970297029703
mskcc,60+,0.21,2.402970297029703,0.29906542056074764,0.8838896952104499,0.17425742574257425
mskcc,60+,0.22,2.396039603960396,0.30218068535825543,0.8809869375907112,0.17722772277227722
mskcc,60+,0.23,2.378217821782178,0.308411214953271,0.8766328011611031,0.18217821782178217
mskcc,60+,0.24,2.378217821782178,0.308411214953271,0.8766328011611031,0.18217821782178217
mskcc,60+,0.25,2.35990099009901,0.3146417445482866,0.8751814223512336,0.18514851485148515
mskcc,60+,0.26,2.3514851485148514,0.3177570093457944,0.8737300435413643,0.18712871287128713
mskcc,60+,0.27,2.3326732673267325,0.32398753894080995,0.872278664731495,0.1900990099009901
mskcc,60+,0.28,2.3128712871287127,0.3302180685358255,0.872278664731495,0.19207920792079208
mskcc,60+,0.29,2.283168316831683,0.3395638629283489,0.872278664731495,0.19504950495049506
mskcc,60+,0.3,2.273762376237624,0.3426791277258567,0.8708272859216255,0.19702970297029704
mskcc,60+,0.31,2.263861386138614,0.34579439252336447,0.8708272859216255,0.19801980198019803
mskcc,60+,0.32,2.256930693069307,0.34890965732087226,0.865021770682148,0.20297029702970298
mskcc,60+,0.33,2.238118811881188,0.35514018691588783,0.8635703918722787,0.20594059405940593
mskcc,60+,0.34,2.24009900990099,0.35514018691588783,0.8592162554426706,0.2089108910891089
mskcc,60+,0.35,2.220792079207921,0.3613707165109034,0.8577648766328012,0.21188118811881188
mskcc,60+,0.36,2.2222772277227723,0.3613707165109034,0.8548621190130624,0.21386138613861386
mskcc,60+,0.37,2.1935643564356435,0.3707165109034268,0.8548621190130624,0.21683168316831683
mskcc,60+,0.38,2.1846534653465346,0.37383177570093457,0.8534107402031931,0.2188118811881188
mskcc,60+,0.39,2.158910891089109,0.38317757009345793,0.8490566037735849,0.22475247524752476
mskcc,60+,0.4,2.1405940594059407,0.3894080996884735,0.8461538461538461,0.22871287128712872
mskcc,60+,0.41,2.124257425742574,0.3956386292834891,0.841799709724238,0.23366336633663368
mskcc,60+,0.42,2.106930693069307,0.40186915887850466,0.8374455732946299,0.2386138613861386
mskcc,60+,0.43,2.100990099009901,0.40498442367601245,0.8330914368650217,0.24257425742574257
mskcc,60+,0.44,2.0737623762376236,0.4143302180685358,0.8287373004354136,0.2485148514851485
mskcc,60+,0.45,2.0569306930693068,0.4205607476635514,0.8243831640058055,0.25346534653465347
mskcc,60+,0.46,2.048019801980198,0.4236760124610592,0.8229317851959361,0.25544554455445545
mskcc,60+,0.47,2.04009900990099,0.42679127725856697,0.818577648766328,0.2594059405940594
mskcc,60+,0.48,2.011386138613861,0.43613707165109034,0.8156748911465893,0.26435643564356437
mskcc,60+,0.49,2.007425742574257,0.4392523364485981,0.8026124818577649,0.2742574257425743
mskcc,60+,0.5,2.011881188118812,0.4392523364485981,0.795355587808418,0.27920792079207923
mskcc,60+,0.51,1.9658415841584158,0.45482866043613707,0.7910014513788098,0.2871287128712871
mskcc,60+,0.52,1.9465346534653465,0.46105919003115264,0.7895500725689405,0.2900990099009901
mskcc,60+,0.53,1.941089108910891,0.46417445482866043,0.783744557329463,0.29504950495049503
mskcc,60+,0.54,1.9133663366336633,0.4735202492211838,0.7822931785195936,0.299009900990099
mskcc,60+,0.55,1.9143564356435643,0.4735202492211838,0.7793904208998549,0.300990099009901
mskcc,60+,0.56,1.9089108910891088,0.4766355140186916,0.7706821480406386,0.3079207920792079
mskcc,60+,0.57,1.894059405940594,0.48286604361370716,0.7619738751814223,0.31584158415841584
mskcc,60+,0.58,1.8965346534653464,0.48286604361370716,0.7576197387518142,0.3188118811881188
mskcc,60+,0.59,1.8905940594059405,0.48598130841121495,0.7518142235123367,0.3237623762376238
mskcc,60+,0.6,1.886138613861386,0.48909657320872274,0.7431059506531205,0.3306930693069307
mskcc,60+,0.61,1.8603960396039605,0.4984423676012461,0.7358490566037735,0.33861386138613864
mskcc,60+,0.62,1.8485148514851486,0.5046728971962616,0.7227866473149492,0.3495049504950495
mskcc,60+,0.63,1.8143564356435644,0.5171339563862928,0.7184325108853411,0.3564356435643564
mskcc,60+,0.64,1.8113861386138614,0.5202492211838006,0.7039187227866474,0.3673267326732673
mskcc,60+,0.65,1.7668316831683168,0.5358255451713395,0.6981132075471698,0.37623762376237624
mskcc,60+,0.66,1.760891089108911,0.5389408099688473,0.690856313497823,0.3821782178217822
mskcc,60+,0.67,1.754950495049505,0.5420560747663551,0.6850507982583455,0.38712871287128714
mskcc,60+,0.68,1.751980198019802,0.5451713395638629,0.6748911465892597,0.39504950495049507
mskcc,60+,0.69,1.7153465346534653,0.557632398753894,0.6690856313497823,0.402970297029703
mskcc,60+,0.7,1.7094059405940594,0.5607476635514018,0.6618287373004355,0.4089108910891089
mskcc,60+,0.71,1.7118811881188118,0.5607476635514018,0.6574746008708273,0.41188118811881186
mskcc,60+,0.72,1.7123762376237623,0.5638629283489096,0.6400580551523948,0.42475247524752474
mskcc,60+,0.73,1.6915841584158415,0.573208722741433,0.6240928882438317,0.4386138613861386
mskcc,60+,0.74,1.697029702970297,0.573208722741433,0.613933236574746,0.44554455445544555
mskcc,60+,0.75,1.6722772277227722,0.5825545171339563,0.6052249637155298,0.45445544554455447
mskcc,60+,0.76,1.639108910891089,0.5950155763239875,0.5965166908563135,0.4643564356435644
mskcc,60+,0.77,1.602970297029703,0.6074766355140186,0.5892597968069666,0.47326732673267324
mskcc,60+,0.78,1.5782178217821783,0.616822429906542,0.5820029027576198,0.48118811881188117
mskcc,60+,0.79,1.5816831683168318,0.616822429906542,0.5761973875181422,0.48514851485148514
mskcc,60+,0.8,1.556930693069307,0.6261682242990654,0.5703918722786647,0.49207920792079207
mskcc,60+,0.81,1.5534653465346535,0.6292834890965732,0.5616835994194485,0.499009900990099
mskcc,60+,0.82,1.5193069306930693,0.6417445482866043,0.5515239477503628,0.5099009900990099
mskcc,60+,0.83,1.5054455445544555,0.6479750778816199,0.5428156748911466,0.5178217821782178
mskcc,60+,0.84,1.4633663366336633,0.6635514018691588,0.5297532656023222,0.5316831683168317
mskcc,60+,0.85,1.444059405940594,0.6728971962616822,0.5123367198838897,0.5465346534653466
mskcc,60+,0.86,1.400990099009901,0.6884735202492211,0.502177068214804,0.5584158415841585
mskcc,60+,0.87,1.367821782178218,0.7009345794392523,0.49056603773584906,0.5702970297029702
mskcc,60+,0.88,1.3272277227722773,0.7165109034267912,0.4746008708272859,0.5861386138613861
mskcc,60+,0.89,1.3193069306930694,0.7258566978193146,0.4412191582002903,0.6118811881188119
mskcc,60+,0.9,1.2905940594059406,0.7383177570093458,0.42380261248185774,0.6277227722772277
mskcc,60+,0.91,1.2782178217821782,0.7445482866043613,0.41219158200290273,0.6376237623762376
mskcc,60+,0.92,1.2064356435643564,0.7725856697819314,0.3875181422351234,0.6633663366336634
mskcc,60+,0.93,1.1534653465346534,0.7975077881619937,0.3454281567489115,0.7
mskcc,60+,0.94,1.1222772277227724,0.8161993769470405,0.3062409288824383,0.7326732673267327
mskcc,60+,0.95,1.0084158415841584,0.8598130841121495,0.26995645863570394,0.7712871287128713
mskcc,60+,0.96,0.9485148514851485,0.8909657320872274,0.20899854862119013,0.8227722772277227
mskcc,60+,0.97,0.8658415841584158,0.9314641744548287,0.14513788098693758,0.8792079207920792
mskcc,60+,0.98,0.8004950495049505,0.9719626168224299,0.04934687953555878,0.9574257425742574
mskcc,60+,0.99,0.7445544554455445,1.0,0.0,1.0
mskcc,60+,1.0,0.7445544554455445,1.0,0.0,1.0
mskcc,60+,1.01,0.7445544554455445,1.0,0.0,1.0
mskcc,60+,1.02,0.7445544554455445,1.0,0.0,1.0
mskcc,60+,1.03,0.7445544554455445,1.0,0.0,1.0
mskcc,60+,1.04,0.7445544554455445,1.0,0.0,1.0
mskcc,60+,1.05,0.7445544554455445,1.0,0.0,1.0
mskcc,60+,1.06,0.7445544554455445,1.0,0.0,1.0
mskcc,60+,1.07,0.7445544554455445,1.0,0.0,1.0
mskcc,60+,1.08,0.7445544554455445,1.0,0.0,1.0
mskcc,60+,1.09,0.7445544554455445,1.0,0.0,1.0
mskcc,60+,1.1,0.7445544554455445,1.0,0.0,1.0
mskcc,60+,1.11,0.7445544554455445,1.0,0.0,1.0
mskcc,60+,1.12,0.7445544554455445,1.0,0.0,1.0
mskcc,60+,1.13,0.7445544554455445,1.0,0.0,1.0
mskcc,60+,1.14,0.7445544554455445,1.0,0.0,1.0
mskcc,60+,1.15,0.7445544554455445,1.0,0.0,1.0
mskcc,60+,1.16,0.7445544554455445,1.0,0.0,1.0
mskcc,60+,1.17,0.7445544554455445,1.0,0.0,1.0
mskcc,60+,1.18,0.7445544554455445,1.0,0.0,1.0
mskcc,60+,1.19,0.7445544554455445,1.0,0.0,1.0
mskcc,60+,1.2,0.7445544554455445,1.0,0.0,1.0
