band,lambda,expected_cost,escalation_sens,escalation_spec,referral_rate
<40,0.0,0.24829416224412434,0.546875,0.9729083665338646,0.052312357846853674
<40,0.01,0.24829416224412434,0.546875,0.9729083665338646,0.052312357846853674
<40,0.02,0.24905231235784686,0.546875,0.9721115537848606,0.05307050796057619
<40,0.03,0.24298711144806673,0.5625,0.9721115537848606,0.053828658074298714
<40,0.04,0.24298711144806673,0.5625,0.9721115537848606,0.053828658074298714
<40,0.05,0.24374526156178924,0.5625,0.9713147410358566,0.05458680818802123
<40,0.06,0.2460197119029568,0.5625,0.9689243027888447,0.05686125852918878
<40,0.07,0.2460197119029568,0.5625,0.9689243027888447,0.05686125852918878
<40,0.08,0.2460197119029568,0.5625,0.9689243027888447,0.05686125852918878
<40,0.09,0.24753601213040183,0.5625,0.9673306772908367,0.058377558756633814
<40,0.1,0.24753601213040183,0.5625,0.9673306772908367,0.058377558756633814
<40,0.11,0.24753601213040183,0.5625,0.9673306772908367,0.058377558756633814
<40,0.12,0.24905231235784686,0.5625,0.9657370517928286,0.05989385898407885
<40,0.13,0.24905231235784686,0.5625,0.9657370517928286,0.05989385898407885
<40,0.14,0.24981046247156938,0.5625,0.9649402390438248,0.060652009097801364
<40,0.15,0.24981046247156938,0.5625,0.9649402390438248,0.060652009097801364
<40,0.16,0.24450341167551176,0.578125,0.9641434262948207,0.0621683093252464
<40,0.17,0.23768006065200908,0.59375,0.9633466135458167,0.06368460955269144
<40,0.18,0.23919636087945415,0.59375,0.9617529880478087,0.06520090978013647
<40,0.19,0.23275208491281274,0.609375,0.9601593625498008,0.06747536012130402
<40,0.2,0.23275208491281274,0.609375,0.9601593625498008,0.06747536012130402
<40,0.21,0.23313115996967398,0.609375,0.9593625498007968,0.06823351023502654
<40,0.22,0.2338893100833965,0.609375,0.9585657370517928,0.06899166034874905
<40,0.23,0.23464746019711902,0.609375,0.9577689243027888,0.06974981046247157
<40,0.24,0.23692191053828657,0.609375,0.9553784860557769,0.07202426080363912
<40,0.25,0.23843821076573163,0.609375,0.9537848605577689,0.07354056103108415
<40,0.26,0.23237300985595147,0.625,0.952191235059761,0.0758150113722517
<40,0.27,0.23237300985595147,0.625,0.952191235059761,0.0758150113722517
<40,0.28,0.23313115996967398,0.625,0.951394422310757,0.07657316148597422
<40,0.29,0.23313115996967398,0.625,0.951394422310757,0.07657316148597422
<40,0.3,0.23313115996967398,0.625,0.951394422310757,0.07657316148597422
<40,0.31,0.23426838514025777,0.625,0.949800796812749,0.07808946171341925
<40,0.32,0.23426838514025777,0.625,0.949800796812749,0.07808946171341925
<40,0.33,0.23730098559514784,0.625,0.9466135458167331,0.08112206216830932
<40,0.34,0.23805913570887036,0.625,0.9458167330677291,0.08188021228203184
<40,0.35,0.2395754359363154,0.625,0.9442231075697212,0.08339651250947688
<40,0.36,0.2403335860500379,0.625,0.9434262948207172,0.0841546626231994
<40,0.37,0.24109173616376042,0.625,0.9426294820717132,0.08491281273692192
<40,0.38,0.24184988627748294,0.625,0.9418326693227091,0.08567096285064443
<40,0.39,0.24184988627748294,0.625,0.9418326693227091,0.08567096285064443
<40,0.4,0.2441243366186505,0.625,0.9394422310756972,0.08794541319181198
<40,0.41,0.244882486732373,0.625,0.9386454183266932,0.0887035633055345
<40,0.42,0.24715693707354056,0.625,0.9362549800796812,0.09097801364670205
<40,0.43,0.24791508718726307,0.625,0.9354581673306773,0.09173616376042457
<40,0.44,0.24109173616376042,0.640625,0.9346613545816733,0.0932524639878696
<40,0.45,0.2422289613343442,0.640625,0.9330677290836653,0.09476876421531463
<40,0.46,0.24526156178923428,0.640625,0.9298804780876494,0.0978013646702047
<40,0.47,0.24829416224412434,0.640625,0.9266932270916335,0.10083396512509477
<40,0.48,0.24905231235784686,0.640625,0.9258964143426295,0.10159211523881728
<40,0.49,0.2505686125852919,0.640625,0.9235059760956176,0.10386656557998483
<40,0.5,0.24829416224412434,0.65625,0.9179282868525896,0.10993176648976498
<40,0.51,0.25094768764215314,0.65625,0.9147410358565737,0.11296436694465505
<40,0.52,0.2539802880970432,0.65625,0.9115537848605577,0.11599696739954511
<40,0.53,0.25473843821076575,0.65625,0.9107569721115538,0.11675511751326763
<40,0.54,0.256633813495072,0.65625,0.9083665338645418,0.11902956785443518
<40,0.55,0.25928733889310085,0.65625,0.9051792828685259,0.12206216830932524
<40,0.56,0.26004548900682334,0.65625,0.9043824701195219,0.12282031842304776
<40,0.57,0.25246398786959817,0.671875,0.9043824701195219,0.12357846853677028
<40,0.58,0.25549658832448824,0.671875,0.901195219123506,0.12661106899166036
<40,0.59,0.2585291887793783,0.671875,0.8980079681274901,0.12964366944655042
<40,0.6,0.2634571645185747,0.671875,0.8924302788844621,0.13495072024260804
<40,0.61,0.256633813495072,0.6875,0.8916334661354581,0.13646702047005307
<40,0.62,0.2611827141774071,0.6875,0.8868525896414342,0.14101592115238817
<40,0.63,0.26497346474601974,0.6875,0.8828685258964143,0.14480667172100076
<40,0.64,0.26611068991660347,0.6875,0.8812749003984064,0.1463229719484458
<40,0.65,0.2676269901440485,0.6875,0.8796812749003984,0.14783927217589082
<40,0.66,0.2630780894617134,0.703125,0.8764940239043825,0.1516300227445034
<40,0.67,0.26914329037149354,0.703125,0.8701195219123506,0.15769522365428354
<40,0.68,0.2759666413949962,0.703125,0.8621513944223107,0.1652767247915087
<40,0.69,0.2812736921910538,0.703125,0.8565737051792829,0.17058377558756635
<40,0.7,0.28658074298711145,0.703125,0.850996015936255,0.17589082638362397
<40,0.71,0.2896133434420015,0.703125,0.847808764940239,0.17892342683851403
<40,0.72,0.2907505686125853,0.71875,0.8382470119521912,0.18877937831690675
<40,0.73,0.2930250189537528,0.71875,0.8358565737051793,0.1910538286580743
<40,0.74,0.2964366944655042,0.71875,0.8318725099601594,0.19484457922668688
<40,0.75,0.3017437452615618,0.71875,0.8262948207171315,0.2001516300227445
<40,0.76,0.29567854435178165,0.75,0.8167330677290837,0.21076573161485973
<40,0.77,0.3025018953752843,0.75,0.8095617529880478,0.2175890826383624
<40,0.78,0.30591357088703564,0.75,0.8055776892430279,0.221379833206975
<40,0.79,0.3134950720242608,0.75,0.797609561752988,0.22896133434420016
<40,0.8,0.31311599696739956,0.765625,0.7896414342629482,0.23730098559514784
<40,0.81,0.30932524639878695,0.78125,0.7856573705179283,0.24184988627748294
<40,0.82,0.31387414708112205,0.796875,0.7729083665338645,0.25473843821076575
<40,0.83,0.3169067475360121,0.8125,0.7617529880478088,0.26611068991660347
<40,0.84,0.3199393479909022,0.828125,0.750597609561753,0.27748294162244125
<40,0.85,0.33131159969673996,0.828125,0.7386454183266933,0.288855193328279
<40,0.86,0.3366186504927976,0.84375,0.7274900398406374,0.30022744503411675
<40,0.87,0.34836997725549657,0.84375,0.7147410358565737,0.312357846853677
<40,0.88,0.3457164518574678,0.875,0.701195219123506,0.32676269901440486
<40,0.89,0.36087945413191813,0.875,0.6852589641434262,0.3419257012888552
<40,0.9,0.38172858225928735,0.890625,0.6565737051792828,0.36997725549658833
<40,0.91,0.4075056861258529,0.890625,0.6294820717131474,0.3957543593631539
<40,0.92,0.4275966641394996,0.90625,0.6,0.4245640636846095
<40,0.93,0.44010614101592116,0.921875,0.5784860557768924,0.44579226686884005
<40,0.94,0.47194844579226686,0.9375,0.5370517928286852,0.48597422289613346
<40,0.95,0.521986353297953,0.9375,0.48446215139442234,0.5360121304018196
<40,0.96,0.5928733889310084,0.953125,0.401593625498008,0.6156178923426838
<40,0.97,0.6937073540561031,0.984375,0.2796812749003984,0.733131159969674
<40,0.98,0.9021986353297953,0.984375,0.06055776892430279,0.9416224412433661
<40,0.99,0.9416224412433661,1.0,0.011155378486055778,0.9893858984078847
<40,1.0,0.9522365428354814,1.0,0.0,1.0
<40,1.01,0.9522365428354814,1.0,0.0,1.0
<40,1.02,0.9522365428354814,1.0,0.0,1.0
<40,1.03,0.9522365428354814,1.0,0.0,1.0
<40,1.04,0.9522365428354814,1.0,0.0,1.0
<40,1.05,0.9522365428354814,1.0,0.0,1.0
<40,1.06,0.9522365428354814,1.0,0.0,1.0
<40,1.07,0.9522365428354814,1.0,0.0,1.0
<40,1.08,0.9522365428354814,1.0,0.0,1.0
<40,1.09,0.9522365428354814,1.0,0.0,1.0
<40,1.1,0.9522365428354814,1.0,0.0,1.0
<40,1.11,0.9522365428354814,1.0,0.0,1.0
<40,1.12,0.9522365428354814,1.0,0.0,1.0
<40,1.13,0.9522365428354814,1.0,0.0,1.0
<40,1.14,0.9522365428354814,1.0,0.0,1.0
<40,1.15,0.9522365428354814,1.0,0.0,1.0
<40,1.16,0.9522365428354814,1.0,0.0,1.0
<40,1.17,0.9522365428354814,1.0,0.0,1.0
<40,1.18,0.9522365428354814,1.0,0.0,1.0
<40,1.19,0.9522365428354814,1.0,0.0,1.0
<40,1.2,0.9522365428354814,1.0,0.0,1.0
40-59,0.0,0.5215295629820051,0.6120906801007556,0.972744014732965,0.1018637532133676
40-59,0.01,0.5189588688946015,0.6146095717884131,0.9720073664825046,0.10282776349614396
40-59,0.02,0.5167095115681234,0.6171284634760705,0.970902394106814,0.10411311053984576
40-59,0.03,0.5106041131105399,0.6221662468513854,0.9705340699815838,0.1050771208226221
40-59,0.04,0.5061053984575835,0.6272040302267002,0.9701657458563536,0.10604113110539845
40-59,0.05,0.5003213367609255,0.6322418136020151,0.9701657458563536,0.10668380462724936
40-59,0.06,0.5009640102827764,0.6322418136020151,0.9694290976058931,0.10732647814910026
40-59,0.07,0.5009640102827764,0.6322418136020151,0.9694290976058931,0.10732647814910026
40-59,0.08,0.49517994858611825,0.6372795969773299,0.9694290976058931,0.10796915167095116
40-59,0.09,0.49196658097686374,0.6397984886649875,0.9694290976058931,0.10829048843187661
40-59,0.1,0.4890745501285347,0.6423173803526449,0.969060773480663,0.1089331619537275
40-59,0.11,0.47975578406169667,0.6498740554156172,0.9686924493554327,0.11021850899742931
40-59,0.12,0.46786632390745503,0.6599496221662469,0.9683241252302026,0.11182519280205655
40-59,0.13,0.4646529562982005,0.6624685138539043,0.9683241252302026,0.112146529562982
40-59,0.14,0.46497429305912596,0.6624685138539043,0.9679558011049724,0.11246786632390746
40-59,0.15,0.46224293059125965,0.6649874055415617,0.967219152854512,0.1134318766066838
40-59,0.16,0.4606362467866324,0.6675062972292192,0.9661141804788214,0.1147172236503856
40-59,0.17,0.46095758354755784,0.6675062972292192,0.9657458563535911,0.11503856041131105
40-59,0.18,0.45581619537275064,0.672544080604534,0.9642725598526704,0.11696658097686376
40-59,0.19,0.45340616966580977,0.6750629722921915,0.9639042357274401,0.11760925449871465
40-59,0.2,0.4444087403598972,0.6826196473551638,0.9631675874769797,0.1192159383033419
40-59,0.21,0.44151670951156813,0.6851385390428212,0.9627992633517496,0.1198586118251928
40-59,0.22,0.432840616966581,0.6926952141057935,0.961694290976059,0.1217866323907455
40-59,0.23,0.4338046272493573,0.6926952141057935,0.9605893186003683,0.12275064267352186
40-59,0.24,0.43412596401028275,0.6926952141057935,0.9602209944751381,0.1230719794344473
40-59,0.25,0.4286632390745501,0.6977329974811083,0.9591160220994475,0.12467866323907455
40-59,0.26,0.41966580976863754,0.7052896725440806,0.9583793738489871,0.1262853470437018
40-59,0.27,0.4170951156812339,0.707808564231738,0.9576427255985267,0.12724935732647816
40-59,0.28,0.41516709511568123,0.7103274559193955,0.9558011049723757,0.12917737789203085
40-59,0.29,0.4161311053984576,0.7103274559193955,0.9543278084714549,0.13046272493573266
40-59,0.3,0.4161311053984576,0.7103274559193955,0.9543278084714549,0.13046272493573266
40-59,0.31,0.41002570694087404,0.7153652392947103,0.9539594843462247,0.131426735218509
40-59,0.32,0.40825835475578404,0.7178841309823678,0.9521178637200737,0.1333547557840617
40-59,0.33,0.40295629820051415,0.7229219143576826,0.9506445672191528,0.1352827763496144
40-59,0.34,0.39974293059125965,0.72544080604534,0.9506445672191528,0.13560411311053985
40-59,0.35,0.3939588688946015,0.7304785894206549,0.9499079189686924,0.13688946015424164
40-59,0.36,0.3852827763496144,0.7380352644836272,0.9488029465930018,0.13881748071979436
40-59,0.37,0.3730719794344473,0.7481108312342569,0.9480662983425414,0.14074550128534705
40-59,0.38,0.3615038560411311,0.7581863979848866,0.9465930018416207,0.14331619537275064
40-59,0.39,0.35861182519280205,0.760705289672544,0.9462246777163904,0.14395886889460155
40-59,0.4,0.35298843187660667,0.7657430730478589,0.9451197053406998,0.1455655526992288
40-59,0.41,0.34575835475578404,0.7732997481108312,0.9421731123388581,0.14910025706940874
40-59,0.42,0.34286632390745503,0.7758186397984886,0.941804788213628,0.14974293059125965
40-59,0.43,0.34093830334190234,0.7783375314861462,0.9403314917127071,0.1513496143958869
40-59,0.44,0.3351542416452442,0.783375314861461,0.9392265193370166,0.15295629820051415
40-59,0.45,0.3351542416452442,0.7858942065491183,0.9377532228360957,0.15456298200514137
40-59,0.46,0.32953084832904883,0.7909319899244333,0.936279926335175,0.1564910025706941
40-59,0.47,0.32503213367609257,0.7959697732997482,0.9340699815837937,0.1590616966580977
40-59,0.48,0.31683804627249357,0.8035264483627204,0.9322283609576427,0.1616323907455013
40-59,0.49,0.31217866323907456,0.8085642317380353,0.9300184162062615,0.16420308483290488
40-59,0.5,0.3131426735218509,0.8085642317380353,0.928913443830571,0.16516709511568123
40-59,0.51,0.30446658097686374,0.8161209068010076,0.9278084714548803,0.16709511568123395
40-59,0.52,0.30639460154241643,0.8161209068010076,0.9255985267034991,0.16902313624678664
40-59,0.53,0.30125321336760924,0.8211586901763224,0.9233885819521178,0.17159383033419023
40-59,0.54,0.296754498714653,0.8261964735516373,0.9215469613259668,0.1738431876606684
40-59,0.55,0.29289845758354754,0.8312342569269522,0.9186003683241253,0.17705655526992287
40-59,0.56,0.2911311053984576,0.8337531486146096,0.9167587476979742,0.17898457583547558
40-59,0.57,0.2892030848329049,0.836272040302267,0.9152854511970534,0.18059125964010284
40-59,0.58,0.2883997429305913,0.8387909319899244,0.9123388581952118,0.18348329048843187
40-59,0.59,0.2874357326478149,0.8413098236775819,0.9104972375690608,0.18541131105398456
40-59,0.6,0.2883997429305913,0.8413098236775819,0.90902394106814,0.18669665809768637
40-59,0.61,0.2861503856041131,0.8463476070528967,0.9060773480662984,0.18991002570694088
40-59,0.62,0.2853470437017995,0.8488664987405542,0.9031307550644567,0.1928020565552699
40-59,0.63,0.2837403598971722,0.8513853904282116,0.9023941068139963,0.19376606683804629
40-59,0.64,0.27811696658097684,0.8564231738035264,0.9012891344383057,0.1953727506426735
40-59,0.65,0.2732969151670951,0.8614609571788413,0.8994475138121547,0.19762210796915167
40-59,0.66,0.27104755784061696,0.8639798488664987,0.8979742173112338,0.19922879177377892
40-59,0.67,0.26976221079691515,0.8664987405541562,0.8957642725598527,0.20147814910025708
40-59,0.68,0.26976221079691515,0.8690176322418136,0.8920810313075507,0.20501285347043702
40-59,0.69,0.2654241645244216,0.8740554156171285,0.8895027624309392,0.20790488431876605
40-59,0.7,0.26317480719794345,0.8790931989924433,0.8847145488029466,0.2127249357326478
40-59,0.71,0.2602827763496144,0.8841309823677582,0.879926335174954,0.21754498714652956
40-59,0.72,0.2589974293059126,0.8866498740554156,0.8777163904235727,0.21979434447300772
40-59,0.73,0.2551413881748072,0.8916876574307305,0.8747697974217311,0.22300771208226222
40-59,0.74,0.25224935732647813,0.8967254408060453,0.8707182320441988,0.22718508997429307
40-59,0.75,0.25482005141388175,0.8967254408060453,0.8674033149171271,0.2300771208226221
40-59,0.76,0.25626606683804626,0.8967254408060453,0.8655616942909761,0.23168380462724936
40-59,0.77,0.25610539845758357,0.8992443324937027,0.861878453038674,0.2352185089974293
40-59,0.78,0.2538560411311054,0.9042821158690176,0.8570902394106814,0.24003856041131105
40-59,0.79,0.2544987146529563,0.906801007556675,0.8523020257826888,0.24453727506426734
40-59,0.8,0.2609254498714653,0.906801007556675,0.8445672191528545,0.2512853470437018
40-59,0.81,0.25803341902313626,0.9118387909319899,0.8401473296500921,0.25578406169665807
40-59,0.82,0.25160668380462725,0.9193954659949622,0.8360957642725598,0.2602827763496144
40-59,0.83,0.24646529562982006,0.9269521410579346,0.830939226519337,0.265745501285347
40-59,0.84,0.2461439588688946,0.9319899244332494,0.8239410681399632,0.27249357326478146
40-59,0.85,0.24566195372750643,0.9370277078085643,0.8169429097605894,0.27924164524421596
40-59,0.86,0.24084190231362468,0.9445843828715366,0.8114180478821362,0.28502570694087404
40-59,0.87,0.2421272493573265,0.947103274559194,0.8062615101289135,0.2898457583547558
40-59,0.88,0.24983933161953728,0.947103274559194,0.7974217311233885,0.2975578406169666
40-59,0.89,0.2598007712082262,0.947103274559194,0.7860036832412522,0.30751928020565555
40-59,0.9,0.2634961439588689,0.9521410579345088,0.7742173112338858,0.3184447300771208
40-59,0.91,0.27795629820051415,0.9521410579345088,0.7572744014732965,0.3332262210796915
40-59,0.92,0.28775706940874035,0.9546599496221663,0.7421731123388582,0.3467223650385604
40-59,0.93,0.296754498714653,0.9622166246851386,0.7204419889502762,0.3666452442159383
40-59,0.94,0.3184447300771208,0.964735516372796,0.6917127071823205,0.39203084832904883
40-59,0.95,0.3454370179948586,0.9672544080604534,0.6567219152854512,0.42287917737789205
40-59,0.96,0.3833547557840617,0.9848866498740554,0.5885819521178637,0.4845758354755784
40-59,0.97,0.531491002570694,0.9899244332493703,0.41141804788213626,0.6397814910025706
40-59,0.98,0.8142673521850899,1.0,0.07366482504604052,0.9357326478149101
40-59,0.99,0.8676092544987146,1.0,0.012523020257826888,0.9890745501285347
40-59,1.0,0.87853470437018,1.0,0.0,1.0
40-59,1.01,0.87853470437018,1.0,0.0,1.0
40-59,1.02,0.87853470437018,1.0,0.0,1.0
40-59,1.03,0.87853470437018,1.0,0.0,1.0
40-59,1.04,0.87853470437018,1.0,0.0,1.0
40-59,1.05,0.87853470437018,1.0,0.0,1.0
40-59,1.06,0.87853470437018,1.0,0.0,1.0
40-59,1.07,0.87853470437018,1.0,0.0,1.0
40-59,1.08,0.87853470437018,1.0,0.0,1.0
40-59,1.09,0.87853470437018,1.0,0.0,1.0
40-59,1.1,0.87853470437018,1.0,0.0,1.0
40-59,1.11,0.87853470437018,1.0,0.0,1.0
40-59,1.12,0.87853470437018,1.0,0.0,1.0
40-59,1.13,0.87853470437018,1.0,0.0,1.0
40-59,1.14,0.87853470437018,1.0,0.0,1.0
40-59,1.15,0.87853470437018,1.0,0.0,1.0
40-59,1.16,0.87853470437018,1.0,0.0,1.0
40-59,1.17,0.87853470437018,1.0,0.0,1.0
40-59,1.18,0.87853470437018,1.0,0.0,1.0
40-59,1.19,0.87853470437018,1.0,0.0,1.0
40-59,1.2,0.87853470437018,1.0,0.0,1.0
60+,0.0,0.9335191082802548,0.7334826427771557,0.9116738727609636,0.3176751592356688
60+,0.01,0.9116242038216561,0.7413213885778276,0.9098208770846201,0.321656050955414
60+,0.02,0.9052547770700637,0.7435610302351624,0.907350216182829,0.32404458598726116
60+,0.03,0.9018710191082803,0.7446808510638298,0.9061148857319333,0.3252388535031847
60+,0.04,0.8861464968152867,0.7502799552071668,0.9036442248301421,0.3288216560509554
60+,0.05,0.8861464968152867,0.7502799552071668,0.9036442248301421,0.3288216560509554
60+,0.06,0.8751990445859873,0.7536394176931691,0.9024088943792464,0.33081210191082805
60+,0.07,0.8596735668789809,0.7592385218365062,0.900555898702903,0.3339968152866242
60+,0.08,0.8544984076433121,0.761478163493841,0.897467572575664,0.33678343949044587
60+,0.09,0.8413614649681529,0.7659574468085106,0.8962322421247684,0.339171974522293
60+,0.1,0.8343949044585988,0.7693169092945129,0.8949969116738727,0.3411624203821656
60+,0.11,0.8186703821656051,0.77491601343785,0.8919085855466338,0.34514331210191085
60+,0.12,0.8103105095541401,0.7793952967525196,0.8900555898702903,0.3479299363057325
60+,0.13,0.804140127388535,0.7816349384098544,0.8882025941939469,0.3499203821656051
60+,0.14,0.7973726114649682,0.7838745800671892,0.8863495985176034,0.3519108280254777
60+,0.15,0.7945859872611465,0.7849944008958567,0.8838789376158123,0.3539012738853503
60+,0.16,0.7824442675159236,0.7894736842105263,0.8820259419394688,0.35668789808917195
60+,0.17,0.7796576433121019,0.7905935050391937,0.8801729462631254,0.35828025477707004
60+,0.18,0.7816480891719745,0.7905935050391937,0.8770846201358864,0.36027070063694266
60+,0.19,0.7786624203821656,0.7917133258678611,0.875231624459543,0.36186305732484075
60+,0.2,0.7714968152866242,0.793952967525196,0.8739962940086473,0.36345541401273884
60+,0.21,0.7619426751592356,0.7973124300111982,0.8727609635577517,0.36544585987261147
60+,0.22,0.7543789808917197,0.799552071668533,0.8721432983323039,0.366640127388535
60+,0.23,0.7511942675159236,0.8006718924972005,0.8702903026559605,0.3682324840764331
60+,0.24,0.7352707006369427,0.8073908174692049,0.8690549722050649,0.3714171974522293
60+,0.25,0.7306926751592356,0.8096304591265397,0.8659666460778258,0.37420382165605093
60+,0.26,0.7131767515923567,0.8152295632698768,0.8634959851760345,0.37778662420382164
60+,0.27,0.70203025477707,0.8185890257558791,0.862260654725139,0.37977707006369427
60+,0.28,0.7034235668789809,0.8185890257558791,0.8597899938233478,0.38136942675159236
60+,0.29,0.6942675159235668,0.8219484882418813,0.8585546633724521,0.383359872611465
60+,0.3,0.6827229299363057,0.826427771556551,0.8548486720197653,0.3873407643312102
60+,0.31,0.6781449044585988,0.8286674132138858,0.8523780111179741,0.38972929936305734
60+,0.32,0.6781449044585988,0.8286674132138858,0.8523780111179741,0.38972929936305734
60+,0.33,0.6636146496815286,0.8331466965285554,0.8511426806670784,0.39211783439490444
60+,0.34,0.6480891719745223,0.8376259798432251,0.8499073502161828,0.3945063694267516
60+,0.35,0.642515923566879,0.8398656215005599,0.849289684990735,0.39570063694267515
60+,0.36,0.6415207006369427,0.8409854423292273,0.8480543545398395,0.3968949044585987
60+,0.37,0.6321656050955414,0.8443449048152296,0.8455836936380482,0.3996815286624204
60+,0.38,0.6255971337579618,0.8465845464725644,0.8431130327362569,0.4020700636942675
60+,0.39,0.6188296178343949,0.8488241881298992,0.8424953675108091,0.40326433121019106
60+,0.4,0.6130573248407644,0.851063829787234,0.840024706609018,0.4056528662420382
60+,0.41,0.6054936305732485,0.8544232922732363,0.8375540457072267,0.40843949044585987
60+,0.42,0.6023089171974523,0.8555431131019037,0.8357010500308832,0.41003184713375795
60+,0.43,0.5955414012738853,0.858902575587906,0.8344657195799876,0.4120222929936306
60+,0.44,0.5859872611464968,0.8622620380739082,0.8307597282273008,0.4156050955414013
60+,0.45,0.5818073248407644,0.864501679731243,0.8282890673255096,0.4179936305732484
60+,0.46,0.5706608280254777,0.8689809630459127,0.8245830759728228,0.42197452229299365
60+,0.47,0.5632961783439491,0.8712206047032475,0.8233477455219271,0.42356687898089174
60+,0.48,0.5543391719745223,0.8745800671892497,0.8190240889437924,0.42754777070063693
60+,0.49,0.5416003184713376,0.8801791713325868,0.8159357628165534,0.4315286624203822
60+,0.5,0.5364251592356688,0.8824188129899216,0.8116121062384187,0.43511146496815284
60+,0.51,0.5340366242038217,0.883538633818589,0.8091414453366276,0.43710191082802546
60+,0.52,0.5246815286624203,0.8868980963045913,0.8048177887584929,0.4410828025477707
60+,0.53,0.5079617834394905,0.8924972004479284,0.8035824583075973,0.44386942675159236
60+,0.54,0.5067675159235668,0.8947368421052632,0.7967881408276714,0.44904458598726116
60+,0.55,0.5095541401273885,0.8947368421052632,0.7924644842495367,0.4518312101910828
60+,0.56,0.5041799363057324,0.896976483762598,0.78875849289685,0.455015923566879
60+,0.57,0.504578025477707,0.8980963045912654,0.7831995058678196,0.4589968152866242
60+,0.58,0.4950238853503185,0.9014557670772676,0.7825818406423718,0.4605891719745223
60+,0.59,0.4846735668789809,0.9048152295632699,0.7801111797405806,0.46337579617834396
60+,0.6,0.48128980891719747,0.9070548712206047,0.7764051883878937,0.46656050955414013
60+,0.61,0.4810907643312102,0.9081746920492721,0.7702285361334157,0.47093949044585987
60+,0.62,0.48586783439490444,0.9081746920492721,0.7621988882025942,0.47611464968152867
60+,0.63,0.47870222929936307,0.910414333706607,0.7603458925262507,0.4781050955414013
60+,0.64,0.4737261146496815,0.9126539753639418,0.7554045707226683,0.4820859872611465
60+,0.65,0.4655652866242038,0.916013437849944,0.7486102532427424,0.4876592356687898
60+,0.66,0.45919585987261147,0.9182530795072789,0.7449042618900555,0.490843949044586
60+,0.67,0.4580015923566879,0.9204927211646137,0.7374922791846819,0.4964171974522293
60+,0.68,0.44446656050955413,0.9260918253079508,0.730697961704756,0.5027866242038217
60+,0.69,0.43212579617834396,0.9305711086226204,0.7251389746757257,0.5079617834394905
60+,0.7,0.42436305732484075,0.93505039193729,0.7189623224212477,0.5135350318471338
60+,0.71,0.42336783439490444,0.9361702127659575,0.7140210006176653,0.5171178343949044
60+,0.72,0.4150079617834395,0.9395296752519597,0.7090796788140827,0.5214968152866242
60+,0.73,0.41261942675159236,0.9417693169092946,0.7010500308832612,0.527468152866242
60+,0.74,0.41003184713375795,0.9440089585666294,0.6942557134033354,0.5326433121019108
60+,0.75,0.41003184713375795,0.9451287793952967,0.6874613959234095,0.5374203821656051
60+,0.76,0.40923566878980894,0.9473684210526315,0.6781964175416924,0.544187898089172
60+,0.77,0.40704617834394907,0.9496080627099664,0.6670784434836319,0.5521496815286624
60+,0.78,0.397890127388535,0.9540873460246361,0.6596664607782582,0.5585191082802548
60+,0.79,0.39072452229299365,0.9585666293393057,0.650401482396541,0.5660828025477707
60+,0.8,0.3903264331210191,0.9596864501679732,0.6448424953675108,0.5700636942675159
60+,0.81,0.3913216560509554,0.961926091825308,0.6318715256331069,0.57921974522293
60+,0.82,0.384156050955414,0.9652855543113102,0.6244595429277332,0.5851910828025477
60+,0.83,0.37639331210191085,0.9697648376259799,0.6145768993205682,0.5931528662420382
60+,0.84,0.3755971337579618,0.9720044792833147,0.6034589252625078,0.6011146496815286
60+,0.85,0.38296178343949044,0.9720044792833147,0.5917232859789994,0.6086783439490446
60+,0.86,0.3867436305732484,0.973124300111982,0.5812229771463867,0.615843949044586
60+,0.87,0.38953025477707004,0.975363941769317,0.5713403335392218,0.6230095541401274
60+,0.88,0.38634554140127386,0.9787234042553191,0.5614576899320568,0.6305732484076433
60+,0.89,0.3861464968152866,0.9820828667413214,0.5484867201976529,0.6401273885350318
60+,0.9,0.3927149681528662,0.9832026875699889,0.5336627547869055,0.6500796178343949
60+,0.91,0.39988057324840764,0.9843225083986562,0.5163681284743669,0.6616242038216561
60+,0.92,0.3919187898089172,0.9899216125419933,0.5009264978381717,0.6735668789808917
60+,0.93,0.39211783439490444,0.9932810750279956,0.4817788758492897,0.6871019108280255
60+,0.94,0.40485668789808915,0.9944008958566629,0.45521927115503397,0.7046178343949044
60+,0.95,0.4273487261146497,0.9966405375139977,0.41136504014823966,0.7336783439490446
60+,0.96,0.4655652866242038,0.9966405375139977,0.35206917850525016,0.7718949044585988
60+,0.97,0.5410031847133758,0.9977603583426652,0.2285361334156887,0.8519108280254777
60+,0.98,0.6468949044585988,0.9988801791713325,0.06176652254478073,0.9597929936305732
60+,0.99,0.6711783439490446,1.0,0.021000617665225447,0.9864649681528662
60+,1.0,0.6847133757961783,1.0,0.0,1.0
60+,1.01,0.6847133757961783,1.0,0.0,1.0
60+,1.02,0.6847133757961783,1.0,0.0,1.0
60+,1.03,0.6847133757961783,1.0,0.0,1.0
60+,1.04,0.6847133757961783,1.0,0.0,1.0
60+,1.05,0.6847133757961783,1.0,0.0,1.0
60+,1.06,0.6847133757961783,1.0,0.0,1.0
60+,1.07,0.6847133757961783,1.0,0.0,1.0
60+,1.08,0.6847133757961783,1.0,0.0,1.0
60+,1.09,0.6847133757961783,1.0,0.0,1.0
60+,1.1,0.6847133757961783,1.0,0.0,1.0
60+,1.11,0.6847133757961783,1.0,0.0,1.0
60+,1.12,0.6847133757961783,1.0,0.0,1.0
60+,1.13,0.6847133757961783,1.0,0.0,1.0
60+,1.14,0.6847133757961783,1.0,0.0,1.0
60+,1.15,0.6847133757961783,1.0,0.0,1.0
60+,1.16,0.6847133757961783,1.0,0.0,1.0
60+,1.17,0.6847133757961783,1.0,0.0,1.0
60+,1.18,0.6847133757961783,1.0,0.0,1.0
60+,1.19,0.6847133757961783,1.0,0.0,1.0
60+,1.2,0.6847133757961783,1.0,0.0,1.0
unknown,0.0,0.05263157894736842,1.0,0.9444444444444444,0.10526315789473684
unknown,0.01,0.05263157894736842,1.0,0.9444444444444444,0.10526315789473684
unknown,0.02,0.05263157894736842,1.0,0.9444444444444444,0.10526315789473684
unknown,0.03,0.05263157894736842,1.0,0.9444444444444444,0.10526315789473684
unknown,0.04,0.05263157894736842,1.0,0.9444444444444444,0.10526315789473684
unknown,0.05,0.05263157894736842,1.0,0.9444444444444444,0.10526315789473684
unknown,0.06,0.05263157894736842,1.0,0.9444444444444444,0.10526315789473684
unknown,0.07,0.05263157894736842,1.0,0.9444444444444444,0.10526315789473684
unknown,0.08,0.05263157894736842,1.0,0.9444444444444444,0.10526315789473684
unknown,0.09,0.05263157894736842,1.0,0.9444444444444444,0.10526315789473684
unknown,0.1,0.05263157894736842,1.0,0.9444444444444444,0.10526315789473684
unknown,0.11,0.05263157894736842,1.0,0.9444444444444444,0.10526315789473684
unknown,0.12,0.05263157894736842,1.0,0.9444444444444444,0.10526315789473684
unknown,0.13,0.05263157894736842,1.0,0.9444444444444444,0.10526315789473684
unknown,0.14,0.05263157894736842,1.0,0.9444444444444444,0.10526315789473684
unknown,0.15,0.05263157894736842,1.0,0.9444444444444444,0.10526315789473684
unknown,0.16,0.05263157894736842,1.0,0.9444444444444444,0.10526315789473684
unknown,0.17,0.05263157894736842,1.0,0.9444444444444444,0.10526315789473684
unknown,0.18,0.05263157894736842,1.0,0.9444444444444444,0.10526315789473684
unknown,0.19,0.05263157894736842,1.0,0.9444444444444444,0.10526315789473684
unknown,0.2,0.05263157894736842,1.0,0.9444444444444444,0.10526315789473684
unknown,0.21,0.05263157894736842,1.0,0.9444444444444444,0.10526315789473684
unknown,0.22,0.05263157894736842,1.0,0.9444444444444444,0.10526315789473684
unknown,0.23,0.05263157894736842,1.0,0.9444444444444444,0.10526315789473684
unknown,0.24,0.05263157894736842,1.0,0.9444444444444444,0.10526315789473684
unknown,0.25,0.05263157894736842,1.0,0.9444444444444444,0.10526315789473684
unknown,0.26,0.05263157894736842,1.0,0.9444444444444444,0.10526315789473684
unknown,0.27,0.07894736842105263,1.0,0.9166666666666666,0.13157894736842105
unknown,0.28,0.07894736842105263,1.0,0.9166666666666666,0.13157894736842105
unknown,0.29,0.07894736842105263,1.0,0.9166666666666666,0.13157894736842105
unknown,0.3,0.07894736842105263,1.0,0.9166666666666666,0.13157894736842105
unknown,0.31,0.07894736842105263,1.0,0.9166666666666666,0.13157894736842105
unknown,0.32,0.07894736842105263,1.0,0.9166666666666666,0.13157894736842105
unknown,0.33,0.07894736842105263,1.0,0.9166666666666666,0.13157894736842105
unknown,0.34,0.07894736842105263,1.0,0.9166666666666666,0.13157894736842105
unknown,0.35,0.07894736842105263,1.0,0.9166666666666666,0.13157894736842105
unknown,0.36,0.07894736842105263,1.0,0.9166666666666666,0.13157894736842105
unknown,0.37,0.07894736842105263,1.0,0.9166666666666666,0.13157894736842105
unknown,0.38,0.07894736842105263,1.0,0.9166666666666666,0.13157894736842105
unknown,0.39,0.07894736842105263,1.0,0.9166666666666666,0.13157894736842105
unknown,0.4,0.07894736842105263,1.0,0.9166666666666666,0.13157894736842105
unknown,0.41,0.07894736842105263,1.0,0.9166666666666666,0.13157894736842105
unknown,0.42,0.07894736842105263,1.0,0.9166666666666666,0.13157894736842105
unknown,0.43,0.07894736842105263,1.0,0.9166666666666666,0.13157894736842105
unknown,0.44,0.07894736842105263,1.0,0.9166666666666666,0.13157894736842105
unknown,0.45,0.07894736842105263,1.0,0.9166666666666666,0.13157894736842105
unknown,0.46,0.07894736842105263,1.0,0.9166666666666666,0.13157894736842105
unknown,0.47,0.07894736842105263,1.0,0.9166666666666666,0.13157894736842105
unknown,0.48,0.07894736842105263,1.0,0.9166666666666666,0.13157894736842105
unknown,0.49,0.07894736842105263,1.0,0.9166666666666666,0.13157894736842105
unknown,0.5,0.07894736842105263,1.0,0.9166666666666666,0.13157894736842105
unknown,0.51,0.07894736842105263,1.0,0.9166666666666666,0.13157894736842105
unknown,0.52,0.07894736842105263,1.0,0.9166666666666666,0.13157894736842105
unknown,0.53,0.07894736842105263,1.0,0.9166666666666666,0.13157894736842105
unknown,0.54,0.07894736842105263,1.0,0.9166666666666666,0.13157894736842105
unknown,0.55,0.07894736842105263,1.0,0.9166666666666666,0.13157894736842105
unknown,0.56,0.07894736842105263,1.0,0.9166666666666666,0.13157894736842105
unknown,0.57,0.07894736842105263,1.0,0.9166666666666666,0.13157894736842105
unknown,0.58,0.07894736842105263,1.0,0.9166666666666666,0.13157894736842105
unknown,0.59,0.10526315789473684,1.0,0.8888888888888888,0.15789473684210525
unknown,0.6,0.10526315789473684,1.0,0.8888888888888888,0.15789473684210525
unknown,0.61,0.10526315789473684,1.0,0.8888888888888888,0.15789473684210525
unknown,0.62,0.10526315789473684,1.0,0.8888888888888888,0.15789473684210525
unknown,0.63,0.10526315789473684,1.0,0.8888888888888888,0.15789473684210525
unknown,0.64,0.10526315789473684,1.0,0.8888888888888888,0.15789473684210525
unknown,0.65,0.10526315789473684,1.0,0.8888888888888888,0.15789473684210525
unknown,0.66,0.10526315789473684,1.0,0.8888888888888888,0.15789473684210525
unknown,0.67,0.10526315789473684,1.0,0.8888888888888888,0.15789473684210525
unknown,0.68,0.10526315789473684,1.0,0.8888888888888888,0.15789473684210525
unknown,0.69,0.10526315789473684,1.0,0.8888888888888888,0.15789473684210525
unknown,0.7,0.10526315789473684,1.0,0.8888888888888888,0.15789473684210525
unknown,0.71,0.10526315789473684,1.0,0.8888888888888888,0.15789473684210525
unknown,0.72,0.10526315789473684,1.0,0.8888888888888888,0.15789473684210525
unknown,0.73,0.13157894736842105,1.0,0.8611111111111112,0.18421052631578946
unknown,0.74,0.13157894736842105,1.0,0.8611111111111112,0.18421052631578946
unknown,0.75,0.13157894736842105,1.0,0.8611111111111112,0.18421052631578946
unknown,0.76,0.13157894736842105,1.0,0.8611111111111112,0.18421052631578946
unknown,0.77,0.13157894736842105,1.0,0.8611111111111112,0.18421052631578946
unknown,0.78,0.13157894736842105,1.0,0.8611111111111112,0.18421052631578946
unknown,0.79,0.13157894736842105,1.0,0.8611111111111112,0.18421052631578946
unknown,0.8,0.13157894736842105,1.0,0.8611111111111112,0.18421052631578946
unknown,0.81,0.13157894736842105,1.0,0.8611111111111112,0.18421052631578946
unknown,0.82,0.13157894736842105,1.0,0.8611111111111112,0.18421052631578946
unknown,0.83,0.13157894736842105,1.0,0.8611111111111112,0.18421052631578946
unknown,0.84,0.13157894736842105,1.0,0.8611111111111112,0.18421052631578946
unknown,0.85,0.13157894736842105,1.0,0.8611111111111112,0.18421052631578946
unknown,0.86,0.13157894736842105,1.0,0.8611111111111112,0.18421052631578946
unknown,0.87,0.13157894736842105,1.0,0.8611111111111112,0.18421052631578946
unknown,0.88,0.15789473684210525,1.0,0.8333333333333334,0.21052631578947367
unknown,0.89,0.15789473684210525,1.0,0.8333333333333334,0.21052631578947367
unknown,0.9,0.15789473684210525,1.0,0.8333333333333334,0.21052631578947367
unknown,0.91,0.18421052631578946,1.0,0.8055555555555556,0.23684210526315788
unknown,0.92,0.21052631578947367,1.0,0.7777777777777778,0.2631578947368421
unknown,0.93,0.23684210526315788,1.0,0.75,0.2894736842105263
unknown,0.94,0.2894736842105263,1.0,0.6944444444444444,0.34210526315789475
unknown,0.95,0.34210526315789475,1.0,0.6388888888888888,0.39473684210526316
unknown,0.96,0.4473684210526316,1.0,0.5277777777777778,0.5
unknown,0.97,0.6578947368421053,1.0,0.3055555555555556,0.7105263157894737
unknown,0.98,0.868421052631579,1.0,0.08333333333333333,0.9210526315789473
unknown,0.99,0.9473684210526315,1.0,0.0,1.0
unknown,1.0,0.9473684210526315,1.0,0.0,1.0
unknown,1.01,0.9473684210526315,1.0,0.0,1.0
unknown,1.02,0.9473684210526315,1.0,0.0,1.0
unknown,1.03,0.9473684210526315,1.0,0.0,1.0
unknown,1.04,0.9473684210526315,1.0,0.0,1.0
unknown,1.05,0.9473684210526315,1.0,0.0,1.0
unknown,1.06,0.9473684210526315,1.0,0.0,1.0
unknown,1.07,0.9473684210526315,1.0,0.0,1.0
unknown,1.08,0.9473684210526315,1.0,0.0,1.0
unknown,1.09,0.9473684210526315,1.0,0.0,1.0
unknown,1.1,0.9473684210526315,1.0,0.0,1.0
unknown,1.11,0.9473684210526315,1.0,0.0,1.0
unknown,1.12,0.9473684210526315,1.0,0.0,1.0
unknown,1.13,0.9473684210526315,1.0,0.0,1.0
unknown,1.14,0.9473684210526315,1.0,0.0,1.0
unknown,1.15,0.9473684210526315,1.0,0.0,1.0
unknown,1.16,0.9473684210526315,1.0,0.0,1.0
unknown,1.17,0.9473684210526315,1.0,0.0,1.0
unknown,1.18,0.9473684210526315,1.0,0.0,1.0
unknown,1.19,0.9473684210526315,1.0,0.0,1.0
unknown,1.2,0.9473684210526315,1.0,0.0,1.0
