timestamp,run_name,arch,dataset,class_mapping_version,split_file,image_size,augmentation,optimizer,head_lr,finetune_lr,batch_size,epochs_run,weight_decay,class_weighting,seed,monitor_metric,best_val_metric,test_accuracy,test_balanced_accuracy,test_macro_f1,test_weighted_f1,params_total,model_size_mb,train_time_seconds,inference_ms_per_image,device,checkpoint,notes
2026-08-08 17:35:42,resnet50_seed42,resnet50,data/ham10000,1.0.0,ml/configs/splits/split_v1.csv,224,"{""random_resized_crop_scale"": [0.8, 1.0], ""horizontal_flip"": 0.5, ""vertical_flip"": 0.5, ""rotation_degrees"": 20, ""brightness"": 0.15, ""contrast"": 0.15, ""saturation"": 0.1, ""hue"": 0.02}",adamw,0.001,0.0001,32,24,0.0001,effective_number,42,macro_f1,0.7400537593053738,,,,,23522375,89.93,2145.0,,cuda,ml/checkpoints/resnet50_best.pt,
2026-08-09 20:34:50,resnet50_pad_seed42,resnet50,data/ham10000,1.0.0,ml/configs/splits/split_pad_only.csv,224,"{""random_resized_crop_scale"": [0.8, 1.0], ""horizontal_flip"": 0.5, ""vertical_flip"": 0.5, ""rotation_degrees"": 20, ""brightness"": 0.15, ""contrast"": 0.15, ""saturation"": 0.1, ""hue"": 0.02}",adamw,0.001,0.0001,32,24,0.0001,effective_number,42,macro_f1,0.5751904537673374,,,,,23522375,89.93,391.1,,cuda,ml/checkpoints/resnet50_best.pt,"PAD-UFES-20 only, 5 classes (df/vasc absent), smartphone domain"
2026-08-12 00:45:23,densenet121_seed42,densenet121,data/ham10000,1.0.0,ml/configs/splits/split_v1.csv,224,"{""random_resized_crop_scale"": [0.8, 1.0], ""horizontal_flip"": 0.5, ""vertical_flip"": 0.5, ""rotation_degrees"": 20, ""brightness"": 0.15, ""contrast"": 0.15, ""saturation"": 0.1, ""hue"": 0.02}",adamw,0.001,0.0001,32,21,0.0001,effective_number,42,macro_f1,0.7206940625496377,,,,,6961031,26.87,698.3,,cuda,ml/checkpoints/densenet121_best.pt,
2026-08-12 01:09:09,efficientnet_b3_seed42,efficientnet_b3,data/ham10000,1.0.0,ml/configs/splits/split_v1.csv,224,"{""random_resized_crop_scale"": [0.8, 1.0], ""horizontal_flip"": 0.5, ""vertical_flip"": 0.5, ""rotation_degrees"": 20, ""brightness"": 0.15, ""contrast"": 0.15, ""saturation"": 0.1, ""hue"": 0.02}",adamw,0.001,0.0001,32,23,0.0001,effective_number,42,macro_f1,0.7117852178446513,,,,,10706991,41.18,908.3,,cuda,ml/checkpoints/efficientnet_b3_best.pt,
2026-08-12 01:40:14,convnext_small_seed42,convnext_small,data/ham10000,1.0.0,ml/configs/splits/split_v1.csv,224,"{""random_resized_crop_scale"": [0.8, 1.0], ""horizontal_flip"": 0.5, ""vertical_flip"": 0.5, ""rotation_degrees"": 20, ""brightness"": 0.15, ""contrast"": 0.15, ""saturation"": 0.1, ""hue"": 0.02}",adamw,0.001,0.0001,16,17,0.0001,effective_number,42,macro_f1,0.7434943068572887,,,,,49460071,188.68,1152.8,,cuda,ml/checkpoints/convnext_small_best.pt,
2026-08-12 02:21:09,efficientnet_b0_pad_seed42,efficientnet_b0,data/ham10000,1.0.0,ml/configs/splits/split_pad_only.csv,224,"{""random_resized_crop_scale"": [0.8, 1.0], ""horizontal_flip"": 0.5, ""vertical_flip"": 0.5, ""rotation_degrees"": 20, ""brightness"": 0.15, ""contrast"": 0.15, ""saturation"": 0.1, ""hue"": 0.02}",adamw,0.001,0.0001,32,28,0.0001,effective_number,42,macro_f1,0.5124703940451972,,,,,4016515,15.48,500.3,,cuda,ml/checkpoints/efficientnet_b0_best.pt,
2026-08-12 02:35:21,efficientnet_b0_pad_seed42,efficientnet_b0,data/ham10000,1.0.0,ml/configs/splits/split_pad_only.csv,224,"{""random_resized_crop_scale"": [0.8, 1.0], ""horizontal_flip"": 0.5, ""vertical_flip"": 0.5, ""rotation_degrees"": 20, ""brightness"": 0.15, ""contrast"": 0.15, ""saturation"": 0.1, ""hue"": 0.02}",adamw,0.001,0.0001,32,28,0.0001,effective_number,42,macro_f1,0.5124703940451972,,,,,4016515,15.48,506.9,,cuda,ml/checkpoints/efficientnet_b0_best.pt,
2026-08-12 02:51:06,convnext_tiny_pad_seed42,convnext_tiny,data/ham10000,1.0.0,ml/configs/splits/split_pad_only.csv,224,"{""random_resized_crop_scale"": [0.8, 1.0], ""horizontal_flip"": 0.5, ""vertical_flip"": 0.5, ""rotation_degrees"": 20, ""brightness"": 0.15, ""contrast"": 0.15, ""saturation"": 0.1, ""hue"": 0.02}",adamw,0.001,0.0001,16,23,0.0001,effective_number,42,macro_f1,0.5621156501918597,,,,,27825511,106.15,385.6,,cuda,ml/checkpoints/convnext_tiny_best.pt,
2026-08-12 03:08:52,convnext_small_pad_seed42,convnext_small,data/ham10000,1.0.0,ml/configs/splits/split_pad_only.csv,224,"{""random_resized_crop_scale"": [0.8, 1.0], ""horizontal_flip"": 0.5, ""vertical_flip"": 0.5, ""rotation_degrees"": 20, ""brightness"": 0.15, ""contrast"": 0.15, ""saturation"": 0.1, ""hue"": 0.02}",adamw,0.001,0.0001,16,26,0.0001,effective_number,42,macro_f1,0.6086791670638289,,,,,49460071,188.68,481.2,,cuda,ml/checkpoints/convnext_small_best.pt,
2026-08-12 03:20:31,densenet121_pad_seed42,densenet121,data/ham10000,1.0.0,ml/configs/splits/split_pad_only.csv,224,"{""random_resized_crop_scale"": [0.8, 1.0], ""horizontal_flip"": 0.5, ""vertical_flip"": 0.5, ""rotation_degrees"": 20, ""brightness"": 0.15, ""contrast"": 0.15, ""saturation"": 0.1, ""hue"": 0.02}",adamw,0.001,0.0001,32,20,0.0001,effective_number,42,macro_f1,0.5553211914968886,,,,,6961031,26.87,347.1,,cuda,ml/checkpoints/densenet121_best.pt,
2026-08-12 03:41:56,efficientnet_b3_pad_seed42,efficientnet_b3,data/ham10000,1.0.0,ml/configs/splits/split_pad_only.csv,224,"{""random_resized_crop_scale"": [0.8, 1.0], ""horizontal_flip"": 0.5, ""vertical_flip"": 0.5, ""rotation_degrees"": 20, ""brightness"": 0.15, ""contrast"": 0.15, ""saturation"": 0.1, ""hue"": 0.02}",adamw,0.001,0.0001,32,20,0.0001,effective_number,42,macro_f1,0.5250593899132941,,,,,10706991,41.18,414.9,,cuda,ml/checkpoints/efficientnet_b3_best.pt,
2026-08-12 03:59:55,efficientnet_b0_seed42,efficientnet_b0,data/ham10000,1.0.0,ml/configs/splits/split_v1.csv,224,"{""random_resized_crop_scale"": [0.8, 1.0], ""horizontal_flip"": 0.5, ""vertical_flip"": 0.5, ""rotation_degrees"": 20, ""brightness"": 0.15, ""contrast"": 0.15, ""saturation"": 0.1, ""hue"": 0.02}",adamw,0.001,0.0001,32,30,0.0001,effective_number,42,macro_f1,0.7249304321755454,,,,,4016515,15.48,690.6,,cuda,ml/checkpoints/efficientnet_b0_best.pt,
2026-08-12 04:24:01,convnext_tiny_pad_seed42,convnext_tiny,data/ham10000,1.0.0,ml/configs/splits/split_pad_only.csv,224,"{""random_resized_crop_scale"": [0.8, 1.0], ""horizontal_flip"": 0.5, ""vertical_flip"": 0.5, ""rotation_degrees"": 20, ""brightness"": 0.15, ""contrast"": 0.15, ""saturation"": 0.1, ""hue"": 0.02}",adamw,0.001,0.0001,16,22,0.0001,effective_number,42,macro_f1,0.5644356695518101,,,,,27825511,106.15,377.6,,cuda,ml/checkpoints/convnext_tiny_best.pt,
2026-08-12 05:19:34,densenet121_padwarm_seed42,densenet121,data/ham10000,1.0.0,ml/configs/splits/split_pad_only.csv,224,"{""random_resized_crop_scale"": [0.8, 1.0], ""horizontal_flip"": 0.5, ""vertical_flip"": 0.5, ""rotation_degrees"": 20, ""brightness"": 0.15, ""contrast"": 0.15, ""saturation"": 0.1, ""hue"": 0.02}",adamw,0.001,0.0001,32,23,0.0001,effective_number,42,macro_f1,0.5681974662405473,,,,,6961031,26.87,465.3,,cuda,ml/checkpoints/densenet121_best.pt,
2026-08-12 05:27:48,efficientnet_b0_padwarm_seed42,efficientnet_b0,data/ham10000,1.0.0,ml/configs/splits/split_pad_only.csv,224,"{""random_resized_crop_scale"": [0.8, 1.0], ""horizontal_flip"": 0.5, ""vertical_flip"": 0.5, ""rotation_degrees"": 20, ""brightness"": 0.15, ""contrast"": 0.15, ""saturation"": 0.1, ""hue"": 0.02}",adamw,0.001,0.0001,32,19,0.0001,effective_number,42,macro_f1,0.521696839622316,,,,,4016515,15.48,383.2,,cuda,ml/checkpoints/efficientnet_b0_best.pt,
2026-08-12 05:38:45,efficientnet_b3_padwarm_seed42,efficientnet_b3,data/ham10000,1.0.0,ml/configs/splits/split_pad_only.csv,224,"{""random_resized_crop_scale"": [0.8, 1.0], ""horizontal_flip"": 0.5, ""vertical_flip"": 0.5, ""rotation_degrees"": 20, ""brightness"": 0.15, ""contrast"": 0.15, ""saturation"": 0.1, ""hue"": 0.02}",adamw,0.001,0.0001,32,22,0.0001,effective_number,42,macro_f1,0.5353740819384413,,,,,10706991,41.18,398.6,,cuda,ml/checkpoints/efficientnet_b3_best.pt,
2026-08-12 05:46:30,resnet50_padwarm_seed42,resnet50,data/ham10000,1.0.0,ml/configs/splits/split_pad_only.csv,224,"{""random_resized_crop_scale"": [0.8, 1.0], ""horizontal_flip"": 0.5, ""vertical_flip"": 0.5, ""rotation_degrees"": 20, ""brightness"": 0.15, ""contrast"": 0.15, ""saturation"": 0.1, ""hue"": 0.02}",adamw,0.001,0.0001,32,19,0.0001,effective_number,42,macro_f1,0.5373312559071757,,,,,23522375,89.93,336.1,,cuda,ml/checkpoints/resnet50_best.pt,
2026-08-12 14:22:21,convnext_tiny_padwarm_seed42,convnext_tiny,data/ham10000,1.0.0,ml/configs/splits/split_pad_only.csv,224,"{""random_resized_crop_scale"": [0.8, 1.0], ""horizontal_flip"": 0.5, ""vertical_flip"": 0.5, ""rotation_degrees"": 20, ""brightness"": 0.15, ""contrast"": 0.15, ""saturation"": 0.1, ""hue"": 0.02}",adamw,0.001,0.0001,16,23,0.0001,effective_number,42,macro_f1,0.5702065592266471,,,,,27825511,106.15,327.7,,cuda,ml/checkpoints/convnext_tiny_best.pt,
2026-08-12 14:33:19,convnext_small_padwarm_seed42,convnext_small,data/ham10000,1.0.0,ml/configs/splits/split_pad_only.csv,224,"{""random_resized_crop_scale"": [0.8, 1.0], ""horizontal_flip"": 0.5, ""vertical_flip"": 0.5, ""rotation_degrees"": 20, ""brightness"": 0.15, ""contrast"": 0.15, ""saturation"": 0.1, ""hue"": 0.02}",adamw,0.001,0.0001,16,22,0.0001,effective_number,42,macro_f1,0.5496308369024543,,,,,49460071,188.68,335.8,,cuda,ml/checkpoints/convnext_small_best.pt,
2026-08-12 14:56:58,densenet121_padwarm_seed42,densenet121,data/ham10000,1.0.0,ml/configs/splits/split_pad_only.csv,224,"{""random_resized_crop_scale"": [0.8, 1.0], ""horizontal_flip"": 0.5, ""vertical_flip"": 0.5, ""rotation_degrees"": 20, ""brightness"": 0.15, ""contrast"": 0.15, ""saturation"": 0.1, ""hue"": 0.02}",adamw,0.001,0.0001,32,20,0.0001,effective_number,42,macro_f1,0.5473128179010532,,,,,6961031,26.87,377.3,,cuda,ml/checkpoints/densenet121_best.pt,
2026-08-12 16:02:12,resnet50_combined,resnet50,data/ham10000,1.0.0,ml/configs/splits/split_combined.csv,224,"{""random_resized_crop_scale"": [0.8, 1.0], ""horizontal_flip"": 0.5, ""vertical_flip"": 0.5, ""rotation_degrees"": 20, ""brightness"": 0.15, ""contrast"": 0.15, ""saturation"": 0.1, ""hue"": 0.02}",adamw,0.001,0.0001,32,16,0.0001,effective_number,42,macro_f1,0.7408449513152341,,,,,23522375,89.93,604.3,,cuda,ml/checkpoints/resnet50_best.pt,HAM+PAD combined training
2026-08-12 16:40:23,efficientnet_b0_combined,efficientnet_b0,data/ham10000,1.0.0,ml/configs/splits/split_combined.csv,224,"{""random_resized_crop_scale"": [0.8, 1.0], ""horizontal_flip"": 0.5, ""vertical_flip"": 0.5, ""rotation_degrees"": 20, ""brightness"": 0.15, ""contrast"": 0.15, ""saturation"": 0.1, ""hue"": 0.02}",adamw,0.001,0.0001,32,30,0.0001,effective_number,42,macro_f1,0.741026341170317,,,,,4016515,15.48,1182.2,,cuda,ml/checkpoints/efficientnet_b0_best.pt,HAM+PAD combined training
2026-08-12 17:34:23,efficientnet_b3_combined,efficientnet_b3,data/ham10000,1.0.0,ml/configs/splits/split_combined.csv,224,"{""random_resized_crop_scale"": [0.8, 1.0], ""horizontal_flip"": 0.5, ""vertical_flip"": 0.5, ""rotation_degrees"": 20, ""brightness"": 0.15, ""contrast"": 0.15, ""saturation"": 0.1, ""hue"": 0.02}",adamw,0.001,0.0001,32,23,0.0001,effective_number,42,macro_f1,0.7499728308671142,,,,,10706991,41.18,855.3,,cuda,ml/checkpoints/efficientnet_b3_best.pt,HAM+PAD combined training
2026-08-12 17:56:59,densenet121_combined,densenet121,data/ham10000,1.0.0,ml/configs/splits/split_combined.csv,224,"{""random_resized_crop_scale"": [0.8, 1.0], ""horizontal_flip"": 0.5, ""vertical_flip"": 0.5, ""rotation_degrees"": 20, ""brightness"": 0.15, ""contrast"": 0.15, ""saturation"": 0.1, ""hue"": 0.02}",adamw,0.001,0.0001,32,26,0.0001,effective_number,42,macro_f1,0.7430352931870362,,,,,6961031,26.87,1071.5,,cuda,ml/checkpoints/densenet121_best.pt,HAM+PAD combined training
2026-09-03 18:10:12,smoke_swinv2_tiny,swinv2_tiny,data/ham10000,1.0.0,ml/configs/splits/split_v1.csv,224,"{""random_resized_crop_scale"": [0.8, 1.0], ""horizontal_flip"": 0.5, ""vertical_flip"": 0.5, ""rotation_degrees"": 20, ""brightness"": 0.15, ""contrast"": 0.15, ""saturation"": 0.1, ""hue"": 0.02}",adamw,0.001,0.0001,32,1,0.0001,effective_number,42,macro_f1,0.3979996524393222,,,,,27569851,106.23,209.5,,cuda,ml/checkpoints/swinv2_tiny_best.pt,
2026-09-03 19:31:59,swinv2_tiny_phase3,swinv2_tiny,data/ham10000,1.0.0,ml/configs/splits/split_v1.csv,224,"{""random_resized_crop_scale"": [0.8, 1.0], ""horizontal_flip"": 0.5, ""vertical_flip"": 0.5, ""rotation_degrees"": 20, ""brightness"": 0.15, ""contrast"": 0.15, ""saturation"": 0.1, ""hue"": 0.02}",adamw,0.001,0.0001,32,20,0.0001,effective_number,42,macro_f1,0.7411588872516164,,,,,27569851,106.23,2901.6,,cuda,ml/checkpoints/swinv2_tiny_best.pt,
2026-09-03 20:44:32,convnext_tiny_ldam_drw,convnext_tiny,data/ham10000,1.0.0,ml/configs/splits/split_v1.csv,224,"{""random_resized_crop_scale"": [0.8, 1.0], ""horizontal_flip"": 0.5, ""vertical_flip"": 0.5, ""rotation_degrees"": 20, ""brightness"": 0.15, ""contrast"": 0.15, ""saturation"": 0.1, ""hue"": 0.02}",adamw,0.001,0.0001,32,30,0.0001,effective_number,42,macro_f1,0.738463316419928,,,,,27825511,106.15,4300.4,,cuda,ml/checkpoints/convnext_tiny-ldam_drw_best.pt,
2026-09-03 21:06:47,convnext_tiny_asl,convnext_tiny,data/ham10000,1.0.0,ml/configs/splits/split_v1.csv,224,"{""random_resized_crop_scale"": [0.8, 1.0], ""horizontal_flip"": 0.5, ""vertical_flip"": 0.5, ""rotation_degrees"": 20, ""brightness"": 0.15, ""contrast"": 0.15, ""saturation"": 0.1, ""hue"": 0.02}",adamw,0.001,0.0001,32,21,0.0001,effective_number,42,macro_f1,0.748454156406914,,,,,27825511,106.15,1162.9,,cuda,ml/checkpoints/convnext_tiny-asl_best.pt,
2026-09-03 22:55:26,maxvit_tiny_phase3_retry,maxvit_tiny,data/ham10000,1.0.0,ml/configs/splits/split_v1.csv,224,"{""random_resized_crop_scale"": [0.8, 1.0], ""horizontal_flip"": 0.5, ""vertical_flip"": 0.5, ""rotation_degrees"": 20, ""brightness"": 0.15, ""contrast"": 0.15, ""saturation"": 0.1, ""hue"": 0.02}",adamw,0.001,0.0001,32,20,0.0001,effective_number,42,macro_f1,0.7176379799791771,,,,,30407119,116.28,3889.0,,cuda,ml/checkpoints/maxvit_tiny_best.pt,
2026-09-04 04:56:11,efficientnet_b0_oof_f0,efficientnet_b0,data/ham10000,1.0.0,ml/configs/splits/oof/split_v1.fold0.csv,224,"{""random_resized_crop_scale"": [0.8, 1.0], ""horizontal_flip"": 0.5, ""vertical_flip"": 0.5, ""rotation_degrees"": 20, ""brightness"": 0.15, ""contrast"": 0.15, ""saturation"": 0.1, ""hue"": 0.02}",adamw,0.001,0.0001,32,30,0.0001,effective_number,42,macro_f1,0.6825973400144927,,,,,4016515,15.48,723.4,,cuda,ml/checkpoints/oof/efficientnet_b0-oof_f0_best.pt,Session 6 OOF fold 0 on split_v1.fold0.csv
2026-09-04 05:07:02,convnext_tiny_oof_f0,convnext_tiny,data/ham10000,1.0.0,ml/configs/splits/oof/split_v1.fold0.csv,224,"{""random_resized_crop_scale"": [0.8, 1.0], ""horizontal_flip"": 0.5, ""vertical_flip"": 0.5, ""rotation_degrees"": 20, ""brightness"": 0.15, ""contrast"": 0.15, ""saturation"": 0.1, ""hue"": 0.02}",adamw,0.001,0.0001,32,18,0.0001,effective_number,42,macro_f1,0.7581988447045461,,,,,27825511,106.15,608.5,,cuda,ml/checkpoints/oof/convnext_tiny-oof_f0_best.pt,Session 6 OOF fold 0 on split_v1.fold0.csv
2026-09-04 05:22:35,convnext_tiny_oof_f1,convnext_tiny,data/ham10000,1.0.0,ml/configs/splits/oof/split_v1.fold1.csv,224,"{""random_resized_crop_scale"": [0.8, 1.0], ""horizontal_flip"": 0.5, ""vertical_flip"": 0.5, ""rotation_degrees"": 20, ""brightness"": 0.15, ""contrast"": 0.15, ""saturation"": 0.1, ""hue"": 0.02}",adamw,0.001,0.0001,32,30,0.0001,effective_number,42,macro_f1,0.7505671056035947,,,,,27825511,106.15,929.9,,cuda,ml/checkpoints/oof/convnext_tiny-oof_f1_best.pt,Session 6 OOF fold 1 on split_v1.fold1.csv
2026-09-04 05:34:04,convnext_tiny_oof_f2,convnext_tiny,data/ham10000,1.0.0,ml/configs/splits/oof/split_v1.fold2.csv,224,"{""random_resized_crop_scale"": [0.8, 1.0], ""horizontal_flip"": 0.5, ""vertical_flip"": 0.5, ""rotation_degrees"": 20, ""brightness"": 0.15, ""contrast"": 0.15, ""saturation"": 0.1, ""hue"": 0.02}",adamw,0.001,0.0001,32,22,0.0001,effective_number,42,macro_f1,0.7525551970779587,,,,,27825511,106.15,686.1,,cuda,ml/checkpoints/oof/convnext_tiny-oof_f2_best.pt,Session 6 OOF fold 2 on split_v1.fold2.csv
2026-09-04 05:50:11,convnext_tiny_oof_f3,convnext_tiny,data/ham10000,1.0.0,ml/configs/splits/oof/split_v1.fold3.csv,224,"{""random_resized_crop_scale"": [0.8, 1.0], ""horizontal_flip"": 0.5, ""vertical_flip"": 0.5, ""rotation_degrees"": 20, ""brightness"": 0.15, ""contrast"": 0.15, ""saturation"": 0.1, ""hue"": 0.02}",adamw,0.001,0.0001,32,30,0.0001,effective_number,42,macro_f1,0.7601090421549228,,,,,27825511,106.15,963.6,,cuda,ml/checkpoints/oof/convnext_tiny-oof_f3_best.pt,Session 6 OOF fold 3 on split_v1.fold3.csv
2026-09-04 05:57:06,convnext_tiny_oof_f4,convnext_tiny,data/ham10000,1.0.0,ml/configs/splits/oof/split_v1.fold4.csv,224,"{""random_resized_crop_scale"": [0.8, 1.0], ""horizontal_flip"": 0.5, ""vertical_flip"": 0.5, ""rotation_degrees"": 20, ""brightness"": 0.15, ""contrast"": 0.15, ""saturation"": 0.1, ""hue"": 0.02}",adamw,0.001,0.0001,32,13,0.0001,effective_number,42,macro_f1,0.7204754773848229,,,,,27825511,106.15,412.8,,cuda,ml/checkpoints/oof/convnext_tiny-oof_f4_best.pt,Session 6 OOF fold 4 on split_v1.fold4.csv
2026-09-04 07:49:07,efficientnet_b0_oof_f1,efficientnet_b0,data/ham10000,1.0.0,ml/configs/splits/oof/split_v1.fold1.csv,224,"{""random_resized_crop_scale"": [0.8, 1.0], ""horizontal_flip"": 0.5, ""vertical_flip"": 0.5, ""rotation_degrees"": 20, ""brightness"": 0.15, ""contrast"": 0.15, ""saturation"": 0.1, ""hue"": 0.02}",adamw,0.001,0.0001,32,30,0.0001,effective_number,42,macro_f1,0.6927444419407235,,,,,4016515,15.48,728.8,,cuda,ml/checkpoints/oof/efficientnet_b0-oof_f1_best.pt,Session 6 OOF fold 1 on split_v1.fold1.csv
2026-09-04 07:57:15,efficientnet_b0_oof_f2,efficientnet_b0,data/ham10000,1.0.0,ml/configs/splits/oof/split_v1.fold2.csv,224,"{""random_resized_crop_scale"": [0.8, 1.0], ""horizontal_flip"": 0.5, ""vertical_flip"": 0.5, ""rotation_degrees"": 20, ""brightness"": 0.15, ""contrast"": 0.15, ""saturation"": 0.1, ""hue"": 0.02}",adamw,0.001,0.0001,32,20,0.0001,effective_number,42,macro_f1,0.679404878149638,,,,,4016515,15.48,484.4,,cuda,ml/checkpoints/oof/efficientnet_b0-oof_f2_best.pt,Session 6 OOF fold 2 on split_v1.fold2.csv
2026-09-04 08:08:32,efficientnet_b0_oof_f3,efficientnet_b0,data/ham10000,1.0.0,ml/configs/splits/oof/split_v1.fold3.csv,224,"{""random_resized_crop_scale"": [0.8, 1.0], ""horizontal_flip"": 0.5, ""vertical_flip"": 0.5, ""rotation_degrees"": 20, ""brightness"": 0.15, ""contrast"": 0.15, ""saturation"": 0.1, ""hue"": 0.02}",adamw,0.001,0.0001,32,27,0.0001,effective_number,42,macro_f1,0.7154507233469509,,,,,4016515,15.48,674.5,,cuda,ml/checkpoints/oof/efficientnet_b0-oof_f3_best.pt,Session 6 OOF fold 3 on split_v1.fold3.csv
2026-09-04 08:16:15,efficientnet_b0_oof_f4,efficientnet_b0,data/ham10000,1.0.0,ml/configs/splits/oof/split_v1.fold4.csv,224,"{""random_resized_crop_scale"": [0.8, 1.0], ""horizontal_flip"": 0.5, ""vertical_flip"": 0.5, ""rotation_degrees"": 20, ""brightness"": 0.15, ""contrast"": 0.15, ""saturation"": 0.1, ""hue"": 0.02}",adamw,0.001,0.0001,32,17,0.0001,effective_number,42,macro_f1,0.6653289978880057,,,,,4016515,15.48,460.1,,cuda,ml/checkpoints/oof/efficientnet_b0-oof_f4_best.pt,Session 6 OOF fold 4 on split_v1.fold4.csv
2026-09-04 08:29:48,densenet121_oof_f0,densenet121,data/ham10000,1.0.0,ml/configs/splits/oof/split_v1.fold0.csv,224,"{""random_resized_crop_scale"": [0.8, 1.0], ""horizontal_flip"": 0.5, ""vertical_flip"": 0.5, ""rotation_degrees"": 20, ""brightness"": 0.15, ""contrast"": 0.15, ""saturation"": 0.1, ""hue"": 0.02}",adamw,0.001,0.0001,32,23,0.0001,effective_number,42,macro_f1,0.7434147319840773,,,,,6961031,26.87,810.3,,cuda,ml/checkpoints/oof/densenet121-oof_f0_best.pt,Session 6 OOF fold 0 on split_v1.fold0.csv
2026-09-04 08:45:05,densenet121_oof_f1,densenet121,data/ham10000,1.0.0,ml/configs/splits/oof/split_v1.fold1.csv,224,"{""random_resized_crop_scale"": [0.8, 1.0], ""horizontal_flip"": 0.5, ""vertical_flip"": 0.5, ""rotation_degrees"": 20, ""brightness"": 0.15, ""contrast"": 0.15, ""saturation"": 0.1, ""hue"": 0.02}",adamw,0.001,0.0001,32,30,0.0001,effective_number,42,macro_f1,0.7220904803484228,,,,,6961031,26.87,914.6,,cuda,ml/checkpoints/oof/densenet121-oof_f1_best.pt,Session 6 OOF fold 1 on split_v1.fold1.csv
2026-09-04 08:56:58,densenet121_oof_f2,densenet121,data/ham10000,1.0.0,ml/configs/splits/oof/split_v1.fold2.csv,224,"{""random_resized_crop_scale"": [0.8, 1.0], ""horizontal_flip"": 0.5, ""vertical_flip"": 0.5, ""rotation_degrees"": 20, ""brightness"": 0.15, ""contrast"": 0.15, ""saturation"": 0.1, ""hue"": 0.02}",adamw,0.001,0.0001,32,23,0.0001,effective_number,42,macro_f1,0.7314077428944612,,,,,6961031,26.87,709.6,,cuda,ml/checkpoints/oof/densenet121-oof_f2_best.pt,Session 6 OOF fold 2 on split_v1.fold2.csv
2026-09-04 09:09:09,densenet121_oof_f3,densenet121,data/ham10000,1.0.0,ml/configs/splits/oof/split_v1.fold3.csv,224,"{""random_resized_crop_scale"": [0.8, 1.0], ""horizontal_flip"": 0.5, ""vertical_flip"": 0.5, ""rotation_degrees"": 20, ""brightness"": 0.15, ""contrast"": 0.15, ""saturation"": 0.1, ""hue"": 0.02}",adamw,0.001,0.0001,32,25,0.0001,effective_number,42,macro_f1,0.7197312115969762,,,,,6961031,26.87,729.1,,cuda,ml/checkpoints/oof/densenet121-oof_f3_best.pt,Session 6 OOF fold 3 on split_v1.fold3.csv
2026-09-04 09:24:42,densenet121_oof_f4,densenet121,data/ham10000,1.0.0,ml/configs/splits/oof/split_v1.fold4.csv,224,"{""random_resized_crop_scale"": [0.8, 1.0], ""horizontal_flip"": 0.5, ""vertical_flip"": 0.5, ""rotation_degrees"": 20, ""brightness"": 0.15, ""contrast"": 0.15, ""saturation"": 0.1, ""hue"": 0.02}",adamw,0.001,0.0001,32,30,0.0001,effective_number,42,macro_f1,0.7134222110015812,,,,,6961031,26.87,930.1,,cuda,ml/checkpoints/oof/densenet121-oof_f4_best.pt,Session 6 OOF fold 4 on split_v1.fold4.csv
2026-09-04 09:43:57,efficientnet_b3_oof_f0,efficientnet_b3,data/ham10000,1.0.0,ml/configs/splits/oof/split_v1.fold0.csv,224,"{""random_resized_crop_scale"": [0.8, 1.0], ""horizontal_flip"": 0.5, ""vertical_flip"": 0.5, ""rotation_degrees"": 20, ""brightness"": 0.15, ""contrast"": 0.15, ""saturation"": 0.1, ""hue"": 0.02}",adamw,0.001,0.0001,16,30,0.0001,effective_number,42,macro_f1,0.6904699629610732,,,,,10706991,41.18,1152.0,,cuda,ml/checkpoints/oof/efficientnet_b3-oof_f0_best.pt,Session 6 OOF fold 0 on split_v1.fold0.csv
2026-09-04 09:58:17,efficientnet_b3_oof_f1,efficientnet_b3,data/ham10000,1.0.0,ml/configs/splits/oof/split_v1.fold1.csv,224,"{""random_resized_crop_scale"": [0.8, 1.0], ""horizontal_flip"": 0.5, ""vertical_flip"": 0.5, ""rotation_degrees"": 20, ""brightness"": 0.15, ""contrast"": 0.15, ""saturation"": 0.1, ""hue"": 0.02}",adamw,0.001,0.0001,16,22,0.0001,effective_number,42,macro_f1,0.7021698261083801,,,,,10706991,41.18,857.8,,cuda,ml/checkpoints/oof/efficientnet_b3-oof_f1_best.pt,Session 6 OOF fold 1 on split_v1.fold1.csv
2026-09-04 10:09:27,efficientnet_b3_oof_f2,efficientnet_b3,data/ham10000,1.0.0,ml/configs/splits/oof/split_v1.fold2.csv,224,"{""random_resized_crop_scale"": [0.8, 1.0], ""horizontal_flip"": 0.5, ""vertical_flip"": 0.5, ""rotation_degrees"": 20, ""brightness"": 0.15, ""contrast"": 0.15, ""saturation"": 0.1, ""hue"": 0.02}",adamw,0.001,0.0001,16,17,0.0001,effective_number,42,macro_f1,0.7040829598835614,,,,,10706991,41.18,666.2,,cuda,ml/checkpoints/oof/efficientnet_b3-oof_f2_best.pt,Session 6 OOF fold 2 on split_v1.fold2.csv
2026-09-04 10:27:17,efficientnet_b3_oof_f3,efficientnet_b3,data/ham10000,1.0.0,ml/configs/splits/oof/split_v1.fold3.csv,224,"{""random_resized_crop_scale"": [0.8, 1.0], ""horizontal_flip"": 0.5, ""vertical_flip"": 0.5, ""rotation_degrees"": 20, ""brightness"": 0.15, ""contrast"": 0.15, ""saturation"": 0.1, ""hue"": 0.02}",adamw,0.001,0.0001,16,30,0.0001,effective_number,42,macro_f1,0.7288509412657268,,,,,10706991,41.18,1062.4,,cuda,ml/checkpoints/oof/efficientnet_b3-oof_f3_best.pt,Session 6 OOF fold 3 on split_v1.fold3.csv
2026-09-04 10:44:58,efficientnet_b3_oof_f4,efficientnet_b3,data/ham10000,1.0.0,ml/configs/splits/oof/split_v1.fold4.csv,224,"{""random_resized_crop_scale"": [0.8, 1.0], ""horizontal_flip"": 0.5, ""vertical_flip"": 0.5, ""rotation_degrees"": 20, ""brightness"": 0.15, ""contrast"": 0.15, ""saturation"": 0.1, ""hue"": 0.02}",adamw,0.001,0.0001,16,30,0.0001,effective_number,42,macro_f1,0.6957179534794342,,,,,10706991,41.18,1058.6,,cuda,ml/checkpoints/oof/efficientnet_b3-oof_f4_best.pt,Session 6 OOF fold 4 on split_v1.fold4.csv
2026-09-04 10:56:39,convnext_small_oof_f0,convnext_small,data/ham10000,1.0.0,ml/configs/splits/oof/split_v1.fold0.csv,224,"{""random_resized_crop_scale"": [0.8, 1.0], ""horizontal_flip"": 0.5, ""vertical_flip"": 0.5, ""rotation_degrees"": 20, ""brightness"": 0.15, ""contrast"": 0.15, ""saturation"": 0.1, ""hue"": 0.02}",adamw,0.001,0.0001,16,13,0.0001,effective_number,42,macro_f1,0.704033656202449,,,,,49460071,188.68,697.7,,cuda,ml/checkpoints/oof/convnext_small-oof_f0_best.pt,Session 6 OOF fold 0 on split_v1.fold0.csv
2026-09-04 11:22:54,convnext_small_oof_f1,convnext_small,data/ham10000,1.0.0,ml/configs/splits/oof/split_v1.fold1.csv,224,"{""random_resized_crop_scale"": [0.8, 1.0], ""horizontal_flip"": 0.5, ""vertical_flip"": 0.5, ""rotation_degrees"": 20, ""brightness"": 0.15, ""contrast"": 0.15, ""saturation"": 0.1, ""hue"": 0.02}",adamw,0.001,0.0001,16,30,0.0001,effective_number,42,macro_f1,0.733010865683588,,,,,49460071,188.68,1571.8,,cuda,ml/checkpoints/oof/convnext_small-oof_f1_best.pt,Session 6 OOF fold 1 on split_v1.fold1.csv
2026-09-04 11:49:00,convnext_small_oof_f2,convnext_small,data/ham10000,1.0.0,ml/configs/splits/oof/split_v1.fold2.csv,224,"{""random_resized_crop_scale"": [0.8, 1.0], ""horizontal_flip"": 0.5, ""vertical_flip"": 0.5, ""rotation_degrees"": 20, ""brightness"": 0.15, ""contrast"": 0.15, ""saturation"": 0.1, ""hue"": 0.02}",adamw,0.001,0.0001,16,30,0.0001,effective_number,42,macro_f1,0.7529856682098647,,,,,49460071,188.68,1563.7,,cuda,ml/checkpoints/oof/convnext_small-oof_f2_best.pt,Session 6 OOF fold 2 on split_v1.fold2.csv
2026-09-04 12:11:37,convnext_small_oof_f3,convnext_small,data/ham10000,1.0.0,ml/configs/splits/oof/split_v1.fold3.csv,224,"{""random_resized_crop_scale"": [0.8, 1.0], ""horizontal_flip"": 0.5, ""vertical_flip"": 0.5, ""rotation_degrees"": 20, ""brightness"": 0.15, ""contrast"": 0.15, ""saturation"": 0.1, ""hue"": 0.02}",adamw,0.001,0.0001,16,26,0.0001,effective_number,42,macro_f1,0.7435940101959975,,,,,49460071,188.68,1353.4,,cuda,ml/checkpoints/oof/convnext_small-oof_f3_best.pt,Session 6 OOF fold 3 on split_v1.fold3.csv
2026-09-04 12:32:29,convnext_small_oof_f4,convnext_small,data/ham10000,1.0.0,ml/configs/splits/oof/split_v1.fold4.csv,224,"{""random_resized_crop_scale"": [0.8, 1.0], ""horizontal_flip"": 0.5, ""vertical_flip"": 0.5, ""rotation_degrees"": 20, ""brightness"": 0.15, ""contrast"": 0.15, ""saturation"": 0.1, ""hue"": 0.02}",adamw,0.001,0.0001,16,24,0.0001,effective_number,42,macro_f1,0.730374344093798,,,,,49460071,188.68,1248.7,,cuda,ml/checkpoints/oof/convnext_small-oof_f4_best.pt,Session 6 OOF fold 4 on split_v1.fold4.csv
2026-09-04 12:45:51,resnet50_oof_f0,resnet50,data/ham10000,1.0.0,ml/configs/splits/oof/split_v1.fold0.csv,224,"{""random_resized_crop_scale"": [0.8, 1.0], ""horizontal_flip"": 0.5, ""vertical_flip"": 0.5, ""rotation_degrees"": 20, ""brightness"": 0.15, ""contrast"": 0.15, ""saturation"": 0.1, ""hue"": 0.02}",adamw,0.001,0.0001,32,30,0.0001,effective_number,42,macro_f1,0.7015578942949042,,,,,23522375,89.93,799.3,,cuda,ml/checkpoints/oof/resnet50-oof_f0_best.pt,Session 6 OOF fold 0 on split_v1.fold0.csv
2026-09-04 12:57:53,resnet50_oof_f1,resnet50,data/ham10000,1.0.0,ml/configs/splits/oof/split_v1.fold1.csv,224,"{""random_resized_crop_scale"": [0.8, 1.0], ""horizontal_flip"": 0.5, ""vertical_flip"": 0.5, ""rotation_degrees"": 20, ""brightness"": 0.15, ""contrast"": 0.15, ""saturation"": 0.1, ""hue"": 0.02}",adamw,0.001,0.0001,32,28,0.0001,effective_number,42,macro_f1,0.6981036874372287,,,,,23522375,89.93,719.8,,cuda,ml/checkpoints/oof/resnet50-oof_f1_best.pt,Session 6 OOF fold 1 on split_v1.fold1.csv
2026-09-04 13:08:11,resnet50_oof_f2,resnet50,data/ham10000,1.0.0,ml/configs/splits/oof/split_v1.fold2.csv,224,"{""random_resized_crop_scale"": [0.8, 1.0], ""horizontal_flip"": 0.5, ""vertical_flip"": 0.5, ""rotation_degrees"": 20, ""brightness"": 0.15, ""contrast"": 0.15, ""saturation"": 0.1, ""hue"": 0.02}",adamw,0.001,0.0001,32,25,0.0001,effective_number,42,macro_f1,0.713269301264733,,,,,23522375,89.93,615.5,,cuda,ml/checkpoints/oof/resnet50-oof_f2_best.pt,Session 6 OOF fold 2 on split_v1.fold2.csv
2026-09-04 13:20:00,resnet50_oof_f3,resnet50,data/ham10000,1.0.0,ml/configs/splits/oof/split_v1.fold3.csv,224,"{""random_resized_crop_scale"": [0.8, 1.0], ""horizontal_flip"": 0.5, ""vertical_flip"": 0.5, ""rotation_degrees"": 20, ""brightness"": 0.15, ""contrast"": 0.15, ""saturation"": 0.1, ""hue"": 0.02}",adamw,0.001,0.0001,32,28,0.0001,effective_number,42,macro_f1,0.7346744745623953,,,,,23522375,89.93,705.9,,cuda,ml/checkpoints/oof/resnet50-oof_f3_best.pt,Session 6 OOF fold 3 on split_v1.fold3.csv
2026-09-04 13:29:53,resnet50_oof_f4,resnet50,data/ham10000,1.0.0,ml/configs/splits/oof/split_v1.fold4.csv,224,"{""random_resized_crop_scale"": [0.8, 1.0], ""horizontal_flip"": 0.5, ""vertical_flip"": 0.5, ""rotation_degrees"": 20, ""brightness"": 0.15, ""contrast"": 0.15, ""saturation"": 0.1, ""hue"": 0.02}",adamw,0.001,0.0001,32,23,0.0001,effective_number,42,macro_f1,0.6964742205527091,,,,,23522375,89.93,590.4,,cuda,ml/checkpoints/oof/resnet50-oof_f4_best.pt,Session 6 OOF fold 4 on split_v1.fold4.csv
